f_voter_turnout,year
51.4283696,1999
64.96212146,1999
67.2927721,2004
65.39027319,1999
67.70866214,1999
73.45691323,2014
68.12542225,1999
78.07522246,2014
67.73391688,1999
65.41398601,2004
63.90488263,1998
71.83775777,1999
69.8594424,1999
61.72078849,1998
67.32871545,1999
75.56247675,2009
60.7266315,1996
56.12829108,1996
68.23396814,1999
72.68468331,2009
74.18506795,2004
66.14563959,2009
63.84718687,1996
84.09534609,2014
76.88434609,2014
82.09998673,2009
64.04991256,1999
71.9230408,2009
51.93096112,2014
72.32939739,2004
80.40827931,2014
62.89078521,1996
74.53389293,2004
64.75956753,2004
74.45709418,2009
50.317841,2009
47.19319045,1996
61.68087499,1999
70.79071851,2014
63.45649733,1996
50.5023173,1998
73.04827784,2009
64.02374505,1996
66.47833829,1998
64.76312286,2004
66.53292377,2004
79.92700339,2009
81.24201232,2009
70.8024124,1998
67.56212079,1999
65.82478962,1999
63.80578808,1996
63.96668078,1999
79.98672501,2014
65.20564122,1999
75.17270676,2014
60.69590728,1998
51.75549896,2004
62.35914318,1998
64.54131109,1998
61.80522742,1998
52.80370736,2009
55.85112326,1998
63.93876035,1998
70.52293425,1998
67.07955165,1998
57.36692341,1998
57.96211791,1996
56.97153111,1996
65.18788784,1998
72.99407377,2014
62.3697187,2004
70.81173284,2004
71.15936554,1998
77.57693738,2009
64.31381299,1999
67.03265813,2004
59.07037215,1996
66.34401052,1999
67.05540763,1998
71.37986161,1998
75.1399654,2004
82.04307738,2014
70.26015215,2014
81.74088523,2014
58.73078285,2004
75.20670028,2014
77.58025576,2009
65.13296054,1999
71.63311335,1999
73.50095916,1999
78.06784629,2004
74.9639366,2009
56.87366866,1996
75.43415716,2009
61.08770506,1998
65.45545966,1996
68.33597748,1999
64.90158303,1996
69.14859771,2004
67.40881753,1996
48.38945803,1996
74.26474258,2004
79.39519244,2009
58.74965108,1996
73.63101342,2014
59.25089409,1998
76.09546377,2014
54.29462675,1996
67.79619396,1996
68.65885249,1999
65.53812524,1999
62.28038463,1998
75.51654832,2014
64.41631844,2009
47.98058664,1996
71.62410611,2014
69.90434906,2014
60.75698501,1996
83.15251376,2009
53.77601919,1996
65.96650147,1999
71.00952662,2009
76.26101059,2009
71.68441424,1999
73.90583052,2009
62.45552267,1996
81.31291797,2014
62.19295478,2004
62.27850294,2004
68.04081888,2014
75.39475423,2004
55.0614948,1996
80.35616742,2014
51.21166974,1998
55.08563528,1996
62.99755207,1998
69.61062834,1999
81.74830584,2014
60.10615049,1996
58.22741498,1998
67.57367831,1998
76.06677189,2009
63.67025053,1996
68.07813531,2009
71.48511005,2009
69.62336142,1999
48.95456346,2004
64.36546832,2009
76.66212599,2014
73.62807491,1999
74.47463331,2004
61.02258306,2004
81.38215951,2014
55.04750996,1996
75.96572879,2014
83.63810289,2014
75.33469787,2014
69.17190819,2009
75.75855702,2014
68.56971792,2009
69.47473702,1996
58.6178057,1998
64.64170211,1996
67.39823132,2009
70.67089773,1998
68.29900454,2009
73.20296644,2009
65.72872505,1996
61.77319899,2009
68.86070499,1998
74.57456231,2004
50.72476555,1998
69.55021339,2004
68.06011678,2004
69.95372942,1998
80.18767493,2014
74.64618473,1999
83.48263585,2009
64.21625748,1999
77.9743831,2014
66.12932596,1999
76.40974209,2009
59.47122588,1996
65.46233545,1998
77.27149616,2009
59.80325556,2014
55.92826519,1996
64.91419531,1999
71.85354452,1999
51.64136086,2014
80.39170782,2014
58.6987993,1999
60.07143137,1998
59.30483671,1998
73.81139657,2004
64.2792354,1999
64.81063216,1999
62.44209114,1999
67.70713741,2009
50.79322771,2014
50.23959549,1996
72.49081761,2014
68.42933987,2004
77.18492959,2014
75.08040761,2009
66.1680284,2004
61.83482971,1999
70.43048344,2004
67.49028329,1996
72.37351148,2004
60.39707033,1996
82.44174721,2014
55.366051,1996
67.13181682,1998
62.82431609,2004
60.36997116,1998
66.53755375,2004
66.58428479,2009
62.24033078,1998
60.40955166,1996
69.86429202,1998
66.58740545,1996
67.89480342,1996
49.89415018,2009
81.29346809,2014
64.25706236,1999
77.88735003,2014
77.20386756,2009
69.50629113,2004
67.04741931,1998
61.74634617,1998
69.74103442,2004
56.93154169,1998
64.3731697,1999
69.42511178,2004
74.01176947,2009
62.06398777,1996
75.55718895,2004
74.61928765,1999
65.39179591,2004
62.25399357,2004
52.82670114,1998
59.36028065,1998
72.8887427,2009
82.15692297,2014
58.05392404,1996
77.50179847,2014
77.82034795,2009
73.01583935,2004
74.15159156,2004
74.13374768,2004
81.63652803,1999
55.44424734,2004
59.59725057,1998
55.40463241,1998
70.87499631,1999
53.07109524,1996
75.10749257,2014
69.92008162,2009
84.28152839,2014
65.40403577,2009
52.17553838,1996
55.22732706,2004
59.74318566,1998
60.03497083,1998
73.8436337,1999
68.70386042,1996
57.34827563,2009
80.55328301,1998
68.29853315,1999
57.45418928,1998
40.27924041,1998
72.78897821,1998
74.35989513,1999
71.77052406,1999
74.50025745,2004
71.7840857,1998
68.28379222,2009
29.09662895,1998
68.79914393,2004
65.53545618,2004
78.74579882,1996
64.67694384,1998
74.20291794,1996
73.29233981,2004
64.17074217,2009
65.45576757,2009
67.61103943,2009
67.82552801,2004
75.96377085,1996
79.65775474,2014
80.49161738,2014
79.01808912,1998
65.97486847,2009
63.92261113,1999
36.91080802,1998
73.19709882,1999
62.34929367,1999
79.83548529,1996
84.70135869,2014
78.55819891,2014
68.93461532,2004
66.88370554,1998
66.18891762,1999
69.60324702,2009
72.35928206,1996
63.36686965,1998
79.5081479,1996
72.36511382,1999
75.046771,2009
57.266951,2004
64.30643836,2004
62.08735405,2009
77.32370811,2014
66.19295563,2009
73.36804086,2014
67.66880755,1996
70.45807368,1999
77.55124041,2014
72.59309618,1996
86.27909192,1996
69.9933324,1999
67.24778467,2004
77.63640846,1999
71.30350412,2009
68.43964521,2004
87.66872396,2014
57.04206754,2004
70.04956478,2009
61.87411867,2004
81.76977122,1996
68.72214611,2009
76.89117993,2014
77.82901575,2014
80.73665042,2014
80.34418901,2014
81.27263864,1996
56.92454183,1999
78.6999653,2014
73.55200373,1996
60.94142071,2009
73.46436722,2014
73.97873661,1999
63.1739748,2004
79.3747077,1996
57.89176343,1998
58.56852885,2004
29.11486114,2009
42.24708334,1999
50.39322004,2009
52.2133139,2014
67.53108415,1996
59.28164613,1999
49.46311164,1996
28.31342829,2009
52.85530779,1999
50.16217402,1996
55.84224973,1999
60.65813543,1998
56.72624396,1996
45.51945704,2014
47.87263361,1996
49.60895068,1996
35.37692191,2009
47.5296088,1998
65.25705315,1998
42.93977673,2009
50.17217578,1999
43.48123754,2009
65.27351563,1999
63.82874947,1999
67.49561424,1996
64.84417573,1999
41.35288426,2009
59.30645899,2004
53.76417256,2009
52.53884529,1999
52.32083919,1996
43.6057424,2009
59.41455571,1998
56.27741976,1998
52.92519178,1998
59.48918626,1998
49.01851764,1996
57.70164958,2014
74.52200583,1998
52.21917775,1996
36.89557246,2009
61.19366169,1999
44.32950007,1996
63.62547444,2014
60.59687996,2004
47.86051144,2004
64.93996334,2014
60.95803905,2014
39.5898399,2004
71.16534098,1998
56.357311,1996
51.56278684,2004
35.9986203,2009
54.60961748,2004
62.5557748,1998
46.46750226,2014
57.31350265,2004
68.77078173,1998
60.84095875,2004
64.20610752,2014
55.57581894,1998
51.59337147,2004
56.1963441,1999
57.25227989,1996
37.33656718,1998
52.41034071,1996
60.34380032,2004
57.20841678,2009
49.97588918,1998
59.41651431,1996
38.75090063,1996
62.25227083,1999
60.14314288,1999
59.95399591,1999
41.25167202,2009
68.63746872,2004
46.0583357,2009
44.35557423,2009
54.47743285,1998
37.23069441,2009
61.21812534,1999
55.64984806,1999
44.60114617,2004
58.55872995,2014
46.37422241,1999
49.82816585,2014
50.76526799,2004
57.49735942,1999
64.20167601,2014
59.03700125,2014
42.23059452,2009
35.3393051,1996
41.91179923,1999
57.12531106,1999
47.04563494,1999
54.70291258,1998
50.70667798,2004
60.0023071,1999
52.73349005,2009
53.75636276,2004
60.29689571,1999
45.29957324,1999
68.19775836,1998
54.11765687,1998
45.75592083,1996
52.8475926,2014
79.55121305,1998
65.97432299,1996
53.96446566,1996
52.06167041,1996
60.73678965,1998
48.70907109,1998
58.27670176,1999
64.88292912,2004
41.7077801,2004
55.54204305,1999
57.68340803,2009
63.47177892,1996
62.30323961,1996
71.40684318,1999
42.60289659,2004
63.64029945,1998
54.54558731,2004
53.0762912,1996
62.78285307,1998
44.32626811,1996
46.06120529,1999
44.48521352,1996
55.48494449,1999
50.56615649,2009
62.49193028,1996
43.70694321,2004
56.47371412,2004
51.95543425,2004
67.61188754,2014
61.87102026,1998
45.26035369,2004
59.99352267,1999
63.26848639,1998
45.73002604,2014
48.10860202,2009
62.85808832,1998
58.32844849,2014
43.50988031,1996
63.5650134,2014
60.40602884,2014
38.12368082,2009
41.96960248,2009
47.97961688,2009
35.50304127,2009
59.56716977,2014
55.53766987,2014
63.48573758,2014
47.31544754,2004
0,1998
33.59605892,1996
33.96378547,1996
54.0690253,1998
45.35782383,2009
47.98795342,1999
42.60231602,2009
37.39920875,2009
46.28999628,1998
52.40854821,2004
51.83031449,2014
50.06368459,2014
63.78462628,2014
41.36404571,2014
54.42022307,2014
47.6492238,2009
52.58045813,1996
34.65590267,2009
58.11878344,1998
35.42644725,2009
71.14551102,2014
59.69235457,1999
50.68378496,1996
60.45921959,2014
47.5537041,2009
53.49246192,1998
47.07942884,2009
61.36067502,1996
43.67408954,2004
61.97757208,2014
59.9023152,2014
61.4447205,2014
33.14172126,2004
61.59496985,2014
57.14923971,2014
70.96874662,1996
46.92855116,2004
60.82548371,2014
48.72352479,1998
58.22093283,2004
49.43752188,2004
60.94120004,2004
49.67570934,1998
45.65604737,2004
36.60773995,2009
52.73490916,1999
51.71018535,2014
47.82417346,1998
57.49200322,2004
59.8046783,1999
45.52523947,1999
62.04874052,1996
42.72682494,1996
40.83068626,2009
49.96392672,1998
53.05636444,2014
33.05131452,2004
56.53007406,1996
49.70695638,1996
59.3803499,1999
66.35594766,1999
69.80035426,1999
50.53493256,2009
54.4388547,1999
54.75082437,2004
50.95687807,2014
66.96667452,2014
52.64480687,1998
56.48093025,1998
59.29113051,2004
56.44838903,2014
38.65833501,1996
33.8349043,1998
61.40051804,1996
40.4831608,2009
41.38293798,2009
50.68071056,2004
45.43569398,2004
55.18125211,2009
68.94456766,2014
30.03119768,2009
64.6639509,1998
57.20026166,2004
63.89570968,1999
50.65439381,1998
57.88348598,2004
59.12011162,1998
40.83876122,1999
54.02980676,1996
50.67699354,1996
56.95074055,2004
50.33110588,2009
79.246526,2014
78.53813513,2014
56.92350093,2004
40.09421714,1999
57.5992814,2009
58.402952,1998
54.38094791,1998
48.3840258,1998
45.66180592,1999
49.9035324,2004
44.22392364,2004
54.18029705,2009
64.21774777,2014
52.65990517,1998
44.92903451,2009
45.41621282,1999
26.14638531,1996
48.6016745,1999
28.58938567,1996
51.26754054,2014
52.63231203,1999
56.93931111,1998
57.17467,1998
40.85162,2004
54.00032115,1998
33.76302311,2009
35.41216393,1999
35.2062398,2004
59.97071501,2014
47.98044265,1998
63.50104762,1998
37.96442783,2004
29.32573291,1996
42.33824799,2004
44.89088394,2004
49.36849443,2014
20.77204286,1996
53.99338929,1999
51.41081334,1999
44.20166814,2009
34.60885654,2004
24.80829006,1996
42.22459274,2004
54.80385599,2014
45.34635,2009
62.99510985,1998
51.62933738,2014
72.32904324,2014
28.48385532,1996
38.81547194,2009
55.95925828,1998
64.37165004,1998
33.61951737,1996
33.59622486,1996
38.60064482,1999
35.2387637,1999
60.31464217,1998
54.05035647,1998
40.49621667,2004
24.39959677,1996
26.29966902,1996
38.96766945,2004
68.33513289,2014
38.21290012,1996
38.06612411,1996
52.11136201,2014
58.21285359,2014
33.61158964,2004
31.54249826,1996
37.26415831,1999
22.23728517,1996
47.41608119,2004
46.51638837,1998
33.70466998,1996
42.003492,1999
58.90807603,1998
34.58387484,2004
39.64625212,1999
39.74570363,1999
39.40580514,2009
59.96812727,1998
39.12599294,1996
45.8876547,2014
48.49533434,1998
39.78573108,1999
53.86515967,1999
54.54331436,1998
40.67669037,2004
34.12867336,2004
35.58829618,1999
52.98571597,2004
28.10740738,1996
35.88806673,1999
53.65028901,2014
67.62580174,2014
29.59883886,1999
26.49280803,1996
27.97296328,1999
40.61592057,1999
35.23353967,1996
39.60943791,2009
58.3779738,2014
39.8707947,2009
27.34258146,2004
47.44178176,1999
50.27905663,2009
45.66450591,2009
50.54969108,1998
54.17370656,2014
33.64459838,1999
58.45851591,2014
56.46833285,2014
25.15448301,1996
56.48751938,1998
52.1438358,2014
59.36072227,2014
33.54221062,2009
42.17099619,1998
32.49320993,1996
53.56679738,2009
67.79754379,1998
72.40416191,2014
30.7882064,1999
39.09788122,1996
31.61828086,2004
24.12727866,1996
55.84445673,1998
61.25392737,2014
63.38532015,2014
41.06116106,2004
46.99565118,2004
57.07825647,1998
38.75544338,2009
54.06707739,2009
29.6945649,2004
43.01403807,2009
73.02493392,2014
49.23062263,2004
42.13350746,2009
43.51558799,2009
37.91649399,2009
59.79053759,2014
43.57152418,2009
35.10269349,2009
61.38788541,2014
42.09104365,2009
46.22806844,2009
45.26541781,2009
35.28938326,2004
51.19505878,2004
56.99045808,1998
48.65679158,1999
60.53344146,1998
55.48994172,2009
27.53672276,1996
44.06461703,1996
64.70018171,2014
36.9763386,2009
41.29235791,1999
39.92796943,1999
48.74786037,2004
21.58670973,1996
56.65088012,2004
78.25270259,1996
64.48833181,1999
66.23650478,2004
74.18835795,1996
58.0117433,2009
68.983023,2014
48.58776494,1999
67.26616153,1998
65.85420287,1998
67.94439474,2014
71.30001431,2009
67.21338806,1996
75.69841422,2014
68.30466926,2014
67.24963666,2009
71.10516919,1996
59.95834456,2004
52.83124476,1999
54.87922398,1999
62.57779875,1998
67.37391153,1998
74.19531773,2009
55.70743169,1999
72.17924435,1996
49.69492632,2004
62.17508111,1999
63.2785142,1999
65.53724464,1999
69.80940295,1998
63.4103755,2009
65.01150058,2004
61.99449681,2004
68.93227012,2014
70.50255307,2014
74.8714443,2014
64.91196314,1996
55.45790678,1996
70.98587213,2004
74.86981711,2014
62.18731557,2014
52.71310975,2009
62.25650839,1998
67.35614302,1998
62.58799989,2009
58.33694387,1998
64.13546422,2009
64.92672652,2014
68.08320118,1998
73.48023129,1996
57.43333607,1999
68.40795468,2009
60.6792812,1999
66.52649266,1996
65.30216145,1998
68.53080466,2004
69.65584051,1996
62.31980402,2004
71.53734439,2004
74.40678511,2009
49.40726374,1996
61.91687592,2004
62.41139192,2009
69.01313073,1998
75.63678966,1998
57.68341775,1999
53.19244442,2009
63.60573586,2004
64.07194519,2009
61.59940272,2004
56.41148121,1996
71.39691203,2014
49.62137928,1998
50.92780027,1999
61.09478695,2014
59.67197238,1999
48.58665977,1999
73.18652111,1998
60.35523907,1996
61.85433053,2014
48.07357228,2004
58.63869759,1996
66.65665654,2014
56.4494711,2009
19.53376833,1998
67.47566126,2014
77.54173461,1996
26.15671184,1998
73.36270257,2004
52.87810307,1998
20.95784011,2009
30.58813756,1996
80.0042005,1999
38.79850605,2004
72.55593711,2009
7.246190785,1999
24.17832791,2004
53.85388259,1996
37.00055053,2014
35.45420819,2009
23.17674769,2014
26.56093776,2014
8.265740564,2004
33.8037277,1996
52.54171955,1998
38.6970261,1999
42.45359326,2009
38.34492254,2009
30.18358799,1996
71.07628912,2014
21.4797787,2009
40.07220055,1999
11.66119992,1999
74.5338683,2014
37.79301353,1996
24.87149257,1998
23.80556883,1999
37.60278015,2004
14.04258642,2004
70.651782,1998
64.1148048,1998
62.26805286,1998
67.53548189,1998
60.05284818,1996
59.59131671,1996
60.38791387,1999
53.96433647,1998
42.9646198,1998
65.79809018,1998
67.69476208,1998
66.93514395,1998
63.80022987,1999
60.08769214,2004
42.58457339,2009
71.07251359,2014
55.62730166,2014
57.5280484,2014
45.99406325,1998
60.59909866,2009
42.53533094,1996
63.47791822,1996
61.57911956,2004
71.48839758,1999
54.67753198,1996
49.855025,1996
72.77682009,2014
52.45794718,1996
55.31435332,1998
64.22786736,2014
77.35218428,2014
69.94965747,1999
51.39180192,2009
74.11716219,2009
56.8630745,2009
56.25767476,2004
67.84016938,2004
66.80389896,1996
62.98850489,1998
60.63521962,1996
67.58575987,2009
70.18291683,1999
65.60893463,2014
60.39887545,1999
59.68562854,1998
71.43420119,2014
70.22980013,1999
56.86132438,1999
70.1009626,1999
66.43152207,1999
65.48220082,1998
57.26404578,2009
52.05456026,1999
67.71432689,2014
69.54367268,1999
75.61535154,1999
66.92284691,1999
67.61910845,1998
62.56855676,2009
52.23027052,2009
70.10027898,1996
60.12098959,1999
57.44850463,2004
60.40397625,2009
35.14624115,1996
52.73905856,1996
74.73517495,2014
70.95243197,1999
59.9530728,1996
62.87706776,1999
62.9399278,1998
45.47597699,2009
71.07543092,2014
70.48457334,2004
54.39362064,1999
62.08010462,2014
56.05687508,1998
54.03774566,1999
74.37510988,2004
36.65882575,1996
42.27163313,1996
73.80326493,2014
62.84827657,2014
73.77981139,2014
50.26198063,1996
65.83495246,2009
59.88153324,1999
54.47134911,2014
67.53089,1996
67.69250714,1999
55.30294686,1998
67.33450482,2004
69.90087802,1998
58.79548395,1996
70.74944496,2014
63.2328868,1998
47.38118319,2004
62.73408455,1996
45.44555555,2009
51.57896176,1996
56.63100807,2014
63.01895899,1996
66.8351936,1999
65.7055398,2014
65.08841169,1998
72.67892855,2014
65.93369548,2009
70.60957936,2004
47.18749225,2009
67.7769964,2004
69.01022716,2004
68.32183858,2014
71.14300586,2004
59.68128149,2014
54.33739664,2014
57.12916227,2004
56.23863305,2014
51.31911493,2009
54.7804385,2004
44.36270146,2009
66.73499559,2014
64.9850965,2009
67.94692258,2009
59.57936428,1996
66.70362311,2009
64.93908201,1996
54.300392,1998
50.10591396,1996
59.64383787,2009
62.70800326,2004
63.28061324,1996
71.71763989,1998
68.81939534,2004
67.47731236,1999
52.57418681,2009
68.51373169,2004
68.68448116,2004
66.30965307,2004
52.52860983,2004
69.68394743,2004
64.92779786,2004
65.73451764,2009
64.29030033,2004
47.00525627,1996
68.40550173,1999
43.01416214,2009
71.04925588,2014
61.78186779,2004
74.46613777,1998
60.61007681,1998
55.09021408,2004
60.99467632,1998
66.10493893,1999
66.9980005,2009
71.37234505,1999
56.69889094,1996
54.52113368,1998
62.50263608,2004
73.28629721,1999
61.48307208,1998
69.254227,2014
66.04861688,2014
64.86375301,2009
66.92707269,1999
56.59567975,2009
69.32801728,2004
59.2276696,1996
43.11220344,2009
57.307835,1998
68.02561119,2004
70.94863258,1998
71.75079541,1998
67.12916453,1996
69.86437777,1996
76.38228307,1999
79.76727242,1999
61.8960715,1998
76.83758143,1998
67.8734379,1996
67.82220174,1998
68.85405686,1998
71.54255483,1996
75.31009025,2004
76.31434767,1996
71.36830736,1998
78.42414608,1999
68.60862115,2009
75.98932044,2004
72.59902089,1999
70.737608,2009
67.98798093,2009
73.16195555,1996
71.75933853,2004
71.80052678,1999
69.73641374,1999
66.2379635,2004
66.6196579,1999
79.24816831,2014
71.44668352,1998
68.09104403,1996
67.93451907,1996
66.23469898,1996
71.33780068,2014
66.23661937,1998
65.00957286,1998
66.44346888,2014
64.91155537,2009
68.38420528,2014
69.73754385,1996
83.82099218,2014
68.7805434,2014
67.58847072,1998
72.20228728,1998
78.54687337,2014
64.90914109,1998
81.53477257,2014
76.86172185,2014
77.18348523,1998
64.01850565,1999
79.25917284,2009
76.4646535,2004
71.23064695,1999
67.39829661,1996
71.94087528,2009
79.73209097,2009
65.38587706,2004
73.87551738,2009
69.35237195,2004
74.59148417,1998
56.78797989,2004
73.3510739,1998
78.76974842,2009
71.41773363,2009
72.61450125,2014
73.1610338,2004
77.41348238,1998
58.70356966,2004
73.59448341,1996
72.51378038,2014
82.68582918,2009
72.84855815,2014
66.96896906,2004
72.32627985,2009
62.98970227,1999
80.7644731,2009
72.40282783,1996
67.96215118,2014
70.89406331,1999
67.36117574,1998
63.2265975,2009
74.86272048,2014
77.67633097,2004
70.1882314,1996
69.06270686,1999
72.81635847,2014
72.01256372,1999
79.28880516,2014
66.65986502,2004
76.80939901,1996
71.44376701,2004
76.161593,1999
71.17123862,1998
68.14025623,1996
70.33047646,2009
72.38880128,1996
71.22666966,2004
61.01173717,1999
66.38814319,2004
63.45040425,2009
71.36534306,2014
72.46407636,2004
63.0597537,1996
63.37871413,2004
76.80399959,2009
70.96952876,1999
64.13806251,2014
69.6905976,2009
74.12854031,2009
73.21150639,2009
64.05204803,1999
73.6706894,1996
75.97425372,2014
68.60256108,1999
61.87073827,1999
76.92675408,1998
69.38022244,2004
76.34170006,2014
67.69962897,1999
74.07571882,1996
63.27112336,2014
43.88756334,2009
50.5372223,2004
36.54794475,1996
40.24018783,2009
52.71883576,1998
45.5705692,1999
51.1662556,1996
41.6051305,2004
66.63632888,1998
66.00675053,2014
52.73706508,2014
46.7569888,1999
46.59505045,1996
42.29821497,2014
51.71014996,1996
37.20421691,1999
51.49387414,2014
26.57545217,2004
47.70109097,2009
46.11504241,2014
35.71014056,2004
53.93852767,1999
53.62311235,1996
31.75594689,2004
55.49386381,2009
60.76958265,2014
40.9887503,1999
52.68341472,1998
57.20627512,1998
60.55747658,2014
50.26586935,2009
54.86514961,2009
44.72438065,1998
38.55354235,1999
42.47412515,1999
38.39544902,2004
44.8841694,2014
47.30875831,1996
66.44973296,1998
60.25260777,2014
37.53890544,1999
50.02775546,1999
49.85829068,1996
66.73384698,1998
52.61942121,1998
29.84450787,2004
48.04890043,1999
50.36587287,2009
42.24637911,1999
34.3119999,1999
57.47074016,2014
19.44875593,1996
37.30977642,2004
54.01601175,1998
42.62030282,2004
61.34161335,1996
54.32317549,1999
51.53231042,1999
42.09452648,2004
27.00937266,2009
50.03613507,1999
53.78147982,2014
55.8035799,1999
42.9001964,1999
59.50073171,2014
55.63323544,2004
44.71830331,1999
56.10200026,1998
46.52491571,2009
44.47281656,2004
50.99283413,1998
33.75564896,1999
35.5716439,2009
53.53440416,1999
32.7783986,2004
58.36222636,2014
55.31714906,1998
46.21715629,2004
50.35317288,2014
46.38354899,2014
58.96951036,1996
34.87334099,2009
32.24002666,2004
44.33634538,1996
41.62963707,1996
54.48382426,2014
60.3765016,2014
67.03037858,2014
42.99131611,1999
25.84339529,1999
52.81214881,1999
45.42134427,1999
32.89922257,2009
33.37179274,2009
52.14786316,2009
68.2725973,2009
45.98980651,2009
64.07167835,2014
59.02553319,1999
50.71359155,1998
52.68019442,1999
48.44473815,1996
46.06310337,1996
50.6119925,1999
38.05246187,2004
37.24456925,2009
42.38453594,1998
44.1641506,2004
59.16154607,1998
55.72120789,1998
43.70658934,2009
20.13712969,2004
40.29657504,1996
61.55343205,1998
44.05531224,2009
33.82632717,1996
52.60519679,1998
39.62536688,2004
76.86056157,2014
57.13828881,1998
41.31764521,2014
57.39401327,1998
37.11523321,2004
66.45291982,1998
43.10427032,2004
54.83393351,2014
33.68050749,2004
51.63283096,1996
48.4636282,2009
46.31407913,1996
30.01765382,2004
43.26158547,1996
58.06943499,1996
48.71940234,1996
48.401707,1996
61.02896913,1998
48.08331239,1998
47.12122261,1998
51.2874581,1998
38.63073366,2004
38.14360062,1996
38.12985122,1996
43.71338388,1996
39.61174474,2009
42.76794028,2009
50.85947889,1996
59.64805477,2014
46.3129977,2009
48.18085901,2004
50.9510118,1998
38.75369852,1999
39.5635209,1999
42.56563981,2009
59.65056334,2004
29.29727742,2004
53.67554968,1996
42.05298895,1996
59.27124103,1998
42.4838501,2009
33.49957036,2009
34.89244324,2004
53.42230733,2014
46.07087074,2004
37.82486792,2009
61.38913606,2014
36.6558936,2014
68.30618585,2014
64.30295776,2014
43.38687684,2009
50.45667392,2009
56.73835981,1998
39.36695201,1996
54.17634866,1998
61.8631886,1999
68.24791967,1996
43.03655759,1996
40.69038433,1999
45.13617513,1996
56.4058518,1998
49.08345688,2009
69.66250365,1999
43.69596052,1996
42.4308499,1998
39.65555183,1999
50.25372566,1996
68.39267067,1999
54.3665003,2009
58.7107623,1999
62.49224005,1998
27.27533399,1996
56.59162598,1998
47.7809967,2004
39.8581472,2009
55.72695679,1996
62.96230133,1998
68.90174401,1999
53.98812514,1996
50.50531861,2004
59.33012768,2014
47.42038779,2009
49.06969705,2009
61.45382062,1999
40.22497332,1998
52.3314256,2014
43.67283789,1996
44.12471012,1996
39.77946182,2009
52.7213022,1999
46.66644223,2009
64.32651817,1996
49.76220098,1998
57.16969604,2014
54.35493589,1998
45.99455853,2009
56.44153301,1998
62.1210456,1999
60.84272414,2004
37.96139988,2009
56.93221325,1998
68.71991476,1999
47.47661961,1998
52.98696007,1999
43.35023564,1996
46.86883739,1999
48.32924789,1998
49.83352605,2014
62.85260632,1999
64.47803743,1999
59.57654906,1999
53.08751632,1998
59.84393496,1998
58.17578029,1998
55.45825494,2014
44.01716666,1999
54.32741841,2014
41.63037268,1998
52.58726144,1996
36.29852328,1996
61.27842644,1999
53.70506347,1998
49.57547939,2009
55.86772586,2014
51.85666606,2014
54.99057437,2014
40.88131331,1996
62.6880212,1999
61.87216572,1998
52.15102257,1996
62.98890326,2014
45.16046623,1999
46.81476876,1996
45.26379862,1996
70.49412675,1999
59.01504877,1998
48.15415262,2004
37.74306538,2009
44.09294235,1999
59.87539267,1998
34.9882832,1996
51.64226277,1996
49.46037038,1999
60.64997964,1999
56.2974821,2004
52.72658378,1996
44.77028581,2009
58.95811991,2014
47.32526019,1998
52.91886473,1998
61.74178029,2004
30.58928877,2009
51.58104042,1998
62.36735442,2004
38.25977315,2009
41.33714124,1996
47.13460876,2009
64.67820131,1998
41.57419811,2009
55.63336998,2004
59.30040964,1999
55.97490916,1996
61.07450926,2014
36.36518464,2004
59.10365009,2004
52.21086444,2009
37.51386822,1996
44.53921551,1996
49.43302715,1998
44.45241637,2004
45.97695548,2009
69.97881411,1998
59.35817689,1996
44.96144494,2004
54.32538404,1998
41.4309783,1996
54.85919817,2014
48.44865851,2014
49.36880475,1998
40.35336507,2009
67.92592417,1999
61.27791977,1998
40.89166669,2009
49.57594235,1996
61.21877512,2014
51.40943476,1996
50.59408966,2004
60.4041239,2004
26.3350825,1996
66.55543331,2004
44.5185914,2004
61.72119628,2009
71.32805708,2014
56.06927016,2004
64.14248634,2009
61.75939034,2009
59.93099815,1998
55.11021146,2009
58.39270742,2014
44.30654619,1999
42.64038708,2004
57.42658836,2014
50.87147093,2004
47.37979098,1996
54.84797163,2014
46.56769965,2009
58.5324946,1999
56.96713543,1998
61.7362948,2014
49.65299001,2004
47.80304626,2004
64.37935462,2014
58.07876651,2014
52.56526891,2014
55.75499215,2004
53.19909788,2004
40.71720952,2009
70.22995007,1999
50.75131178,1999
57.87882904,1998
49.28308165,1996
62.77820524,1999
49.59058244,2009
43.47707474,1996
49.11326398,1996
57.22599221,2004
46.90933109,1996
52.32173724,1998
68.46298516,2014
44.29689282,2009
45.60443702,2009
49.17727444,2009
65.42173575,2004
59.61375707,2004
55.62282435,2009
30.25021339,2004
66.98093434,1999
59.87248489,2014
43.86611639,2004
39.02830531,2009
64.87669688,1998
61.56929567,2014
69.27124892,1999
48.27087843,2004
44.88217555,2004
43.0353516,2004
60.90037972,2014
54.1901064,2009
56.41798374,1999
58.7663618,1999
61.848138,2004
52.69596857,2004
54.85617935,1996
50.84914662,1998
50.41734581,2009
66.16496238,1998
54.22758824,1996
40.19601024,2014
52.16671364,1999
61.08777098,1996
52.46221548,2004
58.51796156,1999
68.51442906,1999
56.01407657,2014
38.29413435,2009
36.01483799,1998
41.15150834,2009
50.89028164,1996
56.38169454,2009
60.8923398,1996
56.35691758,2004
56.51954878,1996
57.57751041,2014
44.99218921,2004
29.14545877,1999
59.72350278,2004
70.71962143,1998
60.55062148,1996
72.87962127,1999
48.88704582,1996
55.52186992,1999
49.6726132,2014
57.4784204,2004
64.53656199,2004
52.25864664,2004
52.06125324,2009
54.34906306,1998
71.90321924,1999
53.29679758,2004
37.22455014,2004
61.4001692,2014
30.04314449,1998
38.51118923,2009
71.28636176,2014
58.56588492,2014
39.26302175,2004
43.31410975,2009
49.57704808,2014
63.40638912,2014
42.22765043,2004
68.7681533,2009
51.58289258,2014
36.0314776,2009
64.36478745,2014
46.61092638,1998
55.08041813,2014
48.15337368,2004
49.03585602,1998
57.8793417,2009
61.11674992,1999
50.43958167,2014
59.37745377,2014
66.4699433,2014
64.70128756,2014
63.98251187,1999
49.55281136,2004
70.38068439,1999
56.16372103,1998
69.60220363,1999
61.04530452,2009
42.39738293,2009
60.69438931,2014
46.11914213,1996
54.60922838,2014
50.78644494,2004
70.13187248,2014
50.02388937,1998
49.87453897,1998
47.05874453,1996
44.95158103,2004
50.55526527,2009
47.72389025,1996
73.23091463,1999
53.82936997,1998
59.21749586,1998
39.27071078,2009
60.0677961,1999
55.47099876,1996
55.73875437,2009
52.12105342,2014
61.90582636,1998
47.08019389,1996
60.83149671,2014
53.30238518,2004
76.25776656,2014
75.9875247,2004
62.8628637,1999
82.51739523,2009
65.97910832,1996
67.2976835,1998
70.61062299,2009
84.73213613,2014
81.29047206,1996
65.20780207,1999
45.29013795,1998
56.96123108,1996
67.83403872,1996
46.96305096,2004
48.24435889,1999
63.55587889,2009
74.52730945,1998
77.85121489,2004
65.10469984,2009
61.47357109,1999
78.04550059,2014
75.59303128,1998
65.33574773,2014
73.96000627,1996
63.08570561,1999
48.42015291,2009
61.48170919,2004
59.97370425,2014
69.27138093,1998
85.47346844,1996
43.07277235,1998
75.27363129,1999
87.65001185,2014
89.22415664,2009
90.22554262,2004
55.42452738,1996
53.87880616,1998
71.39648202,2014
56.12346803,1998
53.28973402,1998
67.24886845,1996
67.03317501,2004
69.0823822,2009
52.42534395,1999
43.72683403,1999
55.19858489,1999
65.04756596,2004
60.15354589,2004
78.67359258,2014
49.39613221,1999
39.3383358,1999
67.36993584,2009
58.92700662,2009
75.14019722,2014
63.44901296,2009
59.73819056,1996
53.50228898,1999
47.8081377,1998
55.79370976,1999
63.78885853,2004
52.08493037,1999
78.16903787,2014
58.74433432,2014
51.40914039,1996
70.21377777,2009
49.63747052,1998
69.79164772,2009
70.80145997,2004
47.52118288,1996
54.52563451,1998
57.0720143,2004
56.80609485,1996
68.41618761,2009
67.53842989,2004
56.13781862,1996
65.38737242,2009
69.29104544,2009
61.41135702,2004
62.55839644,2009
56.19580498,1996
63.21010073,2004
56.91778505,2009
53.98317013,1999
77.99690024,2014
43.46799599,1999
47.96701765,1999
55.51001902,2004
71.8899954,2004
48.94761859,1998
40.18315451,1998
70.94825814,2014
47.31380041,1998
47.09266883,1999
52.77843864,1996
71.06408348,2004
57.32599558,1999
67.81329247,2014
58.58849978,1999
62.37685857,1998
53.00490719,1999
64.03829999,2004
44.46918081,1999
74.19551412,2014
51.76292537,2004
62.88909176,2004
49.92803517,1996
58.57190252,2004
69.41090327,2014
52.75407409,1996
63.83779324,2004
44.34481892,1996
45.88772446,1996
58.18343363,1998
50.36735658,1998
57.80530091,1996
62.2002459,1996
69.11766056,1996
63.37541243,2009
46.07233934,1998
58.85302395,1998
75.92988334,2014
44.44870132,1999
49.45819395,1998
67.9393968,2004
32.89180792,1999
48.18206292,1996
70.96098425,2009
77.55653179,2014
61.04827351,2004
53.02956006,1998
69.42217401,2009
59.0550814,1999
53.38802846,1998
63.99741597,1998
77.54004674,2014
71.26438219,2014
76.82167034,2014
46.8272886,1996
81.25273736,2014
60.13169566,2009
74.60740511,2014
75.32247024,2014
60.1212956,2004
60.49579392,2009
65.57755306,2009
75.1931794,2014
80.4113848,2014
61.56357134,1996
50.34815322,1999
51.35656787,1999
54.87325114,2009
56.60118874,1998
53.04103254,1998
56.61079694,1996
59.94909467,1998
69.65052239,2009
76.27392807,2014
71.26328751,2004
49.71731951,2009
46.59472593,1996
67.02772394,2009
67.01914842,2009
62.89512718,2009
53.83683113,2004
64.18073947,1996
65.2522795,1998
76.50888615,1998
53.11900537,1996
60.0377565,1998
68.33786162,2009
60.62212196,1996
71.21571293,2014
71.68949772,1999
58.23673925,1998
54.78007625,1998
72.1456853,2014
71.13636475,2009
44.76192772,1999
54.13831631,1999
56.5897075,2004
77.44244488,2014
60.97966924,2004
58.85190073,2004
56.92072264,1996
71.18723624,2014
57.84327294,1996
73.06954188,2014
63.96944308,1996
68.85593325,2004
52.37560226,2004
54.20409262,1998
47.28747456,1999
56.77638517,1996
52.23448705,1999
66.94664622,2004
57.28574811,1998
68.91093803,2014
69.51576094,2009
58.75441387,1999
62.03735758,1996
57.59862065,1999
50.93787292,1999
59.01085459,2004
56.22978168,1996
50.03122288,1998
54.15756876,1999
69.18735296,2009
58.45433789,2004
56.78327841,1999
71.06702768,2009
48.76937088,1999
63.93150982,2009
72.06670302,2009
68.14860044,2009
58.15685324,2004
68.43546168,2014
59.83080233,1999
66.2787681,1996
71.23598399,1996
55.51010512,1998
54.62720668,1998
72.76494472,1996
62.06678752,2004
77.16469425,2014
63.60892595,2004
67.72040368,2014
77.58283676,2009
67.25456827,2014
48.22234246,1998
64.93417101,1998
68.06702089,2009
65.11003187,2004
70.5591339,2014
52.2571019,1999
67.41029885,2014
57.44909038,1996
60.1099819,1998
70.67531503,2014
73.46330493,2009
52.2701656,1999
45.02190249,1996
55.06518649,1998
43.20460639,1996
44.11980118,1999
40.36654943,1996
29.40891116,1996
30.31828243,1996
50.28597,2014
60.57136631,2014
51.79723297,2009
34.88535753,2004
36.54422857,1996
61.30626099,2014
57.76879739,2014
57.72749021,1998
29.98101069,1999
59.43223809,1998
42.64451552,1996
60.65707643,2004
45.36930145,1996
33.19026765,2009
50.94337206,2009
49.89513923,2004
51.66054683,1998
55.68823498,1999
55.9303732,1998
50.84424794,2004
46.14912955,2004
44.1171393,2009
44.22781336,2009
39.83877169,1996
41.65321538,2004
66.39129762,2014
37.75436377,2004
52.46099082,1999
57.39317317,2014
41.46617835,2004
51.51078191,1999
58.20031089,1998
35.8899522,2009
47.61508812,2009
48.18954378,2009
27.76646188,1999
62.66314487,1998
60.60974446,1999
47.68859306,1999
32.344346,1996
37.17798067,1998
51.1162492,1999
45.67483899,1999
36.40185835,1999
19.42571875,1996
40.37308122,2009
58.81763969,2014
57.4186452,2014
50.977548,1998
42.2837211,1999
64.0957173,2014
40.63863482,1999
62.73512849,1998
36.90443676,1996
38.34705625,2004
49.24625066,1999
41.18654648,2004
58.41029,2009
37.97053306,1996
51.81657449,1998
70.88732664,2014
32.19542659,2009
45.5746811,1999
59.37256145,1998
39.09272084,1999
39.46589153,2004
35.47011102,1996
58.08619228,1998
62.17721677,1998
53.35747951,1998
56.97154935,1998
52.26067019,2004
58.70264132,2009
37.36560772,2009
55.80855827,1998
56.51584244,2004
51.38781481,1999
44.65339514,1998
41.6806762,1998
30.97795527,1996
46.66220736,2004
63.52376946,2014
45.46839408,2004
62.33949987,2014
42.95697986,1999
51.15614094,2004
49.1567225,1996
47.59739326,1999
59.71194993,2014
35.41482871,1996
56.69209608,2014
33.00884852,1996
71.02332291,2014
71.75104241,2014
36.00471232,1996
50.32786747,1999
45.32820849,1999
46.89641779,2004
63.21212956,1998
48.01947449,2004
51.55609843,2009
60.74167448,1998
28.07714288,1996
61.44075644,2014
48.19297533,1998
63.75918538,2014
37.81531932,2004
54.02435307,2014
53.59621492,2009
53.57685473,1998
42.47697896,1996
48.62006995,2009
46.1298424,1996
35.48038047,2004
66.43057528,2014
44.38409271,1999
28.30835811,2004
45.12741562,1999
39.32376737,2009
41.43377968,2004
37.51166923,2004
37.66713582,1996
65.52240389,1998
52.80702896,1998
46.83611027,1999
37.33649352,1996
46.65145516,2009
53.05755973,2009
28.89020814,2009
44.18044657,2009
40.82443851,2004
52.97852802,2014
38.55912303,2009
39.2094064,2009
58.1590122,2014
62.64506252,2014
41.44826028,2009
50.86734494,2009
59.33754413,2014
57.0447502,2014
39.48857771,2004
22.985172,1996
82.85598581,2009
62.51478402,1998
81.33216135,2014
83.28962585,1999
75.5438733,2004
73.88585118,1996
71.74847048,2014
67.73279978,2014
51.59041827,1998
54.10373579,1996
81.862398,2014
63.28817803,1998
51.19717647,1999
64.99095238,2009
60.38127487,1998
71.64667811,2009
53.5538743,1998
72.29531976,2009
62.21372862,1998
51.51382036,1998
71.74543697,2014
55.01163763,1999
76.02461123,2009
55.04368781,2004
54.45618844,1999
59.77968312,2004
54.96173855,1999
79.72232163,2009
49.02528075,2004
60.20499471,1998
67.80425181,1996
57.91540807,1999
69.73304159,2009
71.54252409,2014
76.74407447,2014
53.6724651,1998
68.87159479,2014
56.48177052,1999
75.80292356,2014
64.38081872,2014
44.39375743,1998
61.63225916,1999
63.7007163,1999
68.69599681,2004
73.79911098,2009
58.80953937,2004
61.13972725,2004
59.79084256,1999
54.22667077,2004
53.06603477,1998
56.88904617,2009
42.53063321,1999
40.77206605,1999
74.56052735,2014
59.6572669,2004
67.99229273,1996
80.56778315,2014
49.32280968,1999
51.60661465,1999
62.10005995,2009
73.84952629,2009
70.75487297,2014
51.59347242,1998
60.44299058,1996
66.48373274,2014
56.15584288,2004
56.385524,1998
61.63001115,1998
57.57143497,2004
59.91378524,1996
61.64804349,1996
67.97138872,1996
66.20604386,1996
66.32207013,1998
57.05728659,2004
71.44690709,1996
52.38100517,1998
69.60196096,1996
73.47313307,2009
62.36513686,2014
56.36489364,1998
62.87870454,1996
65.36880396,1996
68.83443299,1996
57.12901483,1998
57.78303019,1996
64.65493992,1996
61.70749496,1998
58.35551999,1999
75.29519013,2014
68.02368502,1996
73.7410648,2014
55.30360343,1999
52.13766979,1996
69.85103615,2009
60.08077872,1996
57.56704776,1999
81.22686941,2014
49.93123818,2004
70.92052638,2014
77.88867375,2009
51.42234446,1998
73.55197423,1996
78.00879354,2009
67.13656441,2009
81.23315504,2014
50.58233516,1998
62.54979057,1998
64.20889759,1999
78.04048918,2014
64.63170186,1998
49.31789477,1998
51.73905797,1996
56.9322095,1998
76.42085608,2014
53.80607623,2004
53.18453344,1999
62.02494161,2009
58.05923935,1999
78.76439327,2014
46.99971745,1998
55.40774977,1999
72.33812842,2009
51.21237198,2004
55.45759189,1999
66.50421222,2009
70.21449195,1996
65.33249155,1996
75.89065683,2014
81.31013809,2009
76.33640312,2009
61.44410799,1999
49.23236962,1999
58.34416306,2004
66.24674326,1996
52.76111243,1998
63.52421862,2004
77.52560565,2014
50.31277124,1999
71.60314451,2009
72.87907372,2009
57.4154193,1999
73.85245885,1996
74.1916064,2009
79.87586344,2014
59.7199193,1996
77.41858063,2009
59.84866127,1999
68.03352688,1996
77.91657955,2014
69.20485733,2014
77.7331681,2009
60.58242685,1999
59.77444799,1998
62.9789253,1996
79.21953538,2014
59.44656936,2004
57.08554538,2004
62.74071514,1999
63.29803745,2004
70.52586811,1996
63.61545232,2004
62.75696597,1998
55.8118011,1998
66.48587354,1996
67.83282592,2009
79.49332582,2009
43.03927911,2004
64.98857747,2004
64.19335084,1998
69.93417439,1996
69.36248902,1996
64.08226614,1996
64.73613826,2009
48.80512085,1998
43.81722444,1998
70.97439498,2009
60.5137703,1999
45.24794809,1998
54.06800861,2004
58.98035453,2014
51.25390179,1998
41.19873606,2004
79.7605322,2014
62.97355295,1998
74.60123069,2014
62.77658382,2004
53.86262754,2004
44.29615671,2004
63.02233229,2004
66.76346485,2009
59.73496338,1998
58.53908007,2004
59.46746204,2004
68.47125611,2004
63.30270362,1999
63.90786299,1996
72.39389922,1996
59.19375581,2014
58.7964338,2004
59.01551112,2004
51.092248,1998
53.7989244,2004
72.11399937,2009
69.41906691,1996
77.69434214,2014
63.0190447,2004
64.05912306,1996
79.66560451,2014
54.73934063,2004
51.07536338,1999
74.58032508,2014
56.10329453,1999
59.20692278,2004
70.13434492,1996
61.14406691,2004
49.97317637,1999
67.21040501,2009
62.56853622,1998
76.57773049,2009
75.33290835,2014
56.27578574,1998
74.27462196,2014
61.54937121,1999
56.13259746,1999
63.47458624,1996
62.0788394,2009
45.80666809,1999
74.25202666,2009
70.47262604,2009
62.49306523,1996
76.96761155,2009
51.19637521,1999
79.07727542,2009
78.21872858,2009
80.65951337,2014
77.24418684,2014
67.43757391,2004
52.30883118,1999
63.57193911,1999
75.2951475,1996
64.07982217,2004
79.6217086,1996
62.10186597,1999
82.40318074,2009
62.44180499,2004
79.1890952,1998
82.21514592,2014
85.38098379,2014
82.65083821,2009
81.72911906,1998
67.79989443,1999
38.24411492,2009
55.91997439,2014
58.70796915,1996
53.61168446,1998
56.33021029,2014
54.67982117,1999
49.36563632,1999
54.28884026,1999
40.81840737,1996
49.22481468,1996
44.2267002,1999
60.7247068,1998
43.56739285,1996
42.68485424,1998
43.63621946,2009
59.93380308,2014
53.05038324,2014
51.26609683,1996
25.31521035,1996
38.47100235,1999
48.23144063,1998
48.12505065,1998
39.9422798,2004
27.86412058,1996
47.61141287,1999
35.05071147,1999
61.03897662,2014
54.62323264,1999
34.50380993,2004
44.10938336,2004
36.23247318,2004
56.49930475,2009
44.14576919,1998
42.74924887,2009
56.59326628,1999
34.65565793,1998
52.5950257,2014
45.0597218,2004
45.01312361,1999
58.57147969,2014
52.69912912,1999
39.05038034,1996
41.54550869,1999
42.91666835,1999
58.53793866,1999
42.32566919,2009
46.8011583,2004
45.82032188,1998
58.68124473,2014
54.51237572,2014
37.68193063,2004
32.7323152,2004
62.239615,1998
55.34419931,1999
49.60659125,2009
12.14043696,1996
50.57611645,2009
48.96063167,2009
49.91331919,1999
53.45582941,2014
44.21031134,2004
41.04807576,1996
58.70282276,2014
52.85933169,2014
49.97719891,2009
50.27638457,1998
52.17955461,2009
29.20995121,1996
42.41773515,2004
42.41473599,1996
63.94830352,2014
47.27392283,2009
54.11264807,2004
43.30704837,1999
57.3404316,2014
46.40669807,2009
48.82869693,1996
46.54964523,1998
60.5540957,2014
56.32266552,1998
53.40550609,2014
30.30145264,1996
47.80857972,1996
38.68752021,2004
44.80629279,1999
54.58242525,2014
41.46339656,1999
36.12127573,2009
49.96539311,1996
45.98748901,1996
34.45173551,1996
35.30251572,1999
38.92884557,1996
44.06068127,1999
35.30533931,2009
44.77205343,1998
39.74124405,1999
47.56080972,1998
40.37809294,2004
58.91559296,1998
55.55165877,1999
44.29534294,1999
37.42265551,1999
56.65162426,2014
51.31536189,1998
54.62745457,1998
49.91542264,1999
43.04854685,1996
32.72690427,2004
59.42590901,1998
48.4674628,1996
42.95278168,2004
50.18943002,2014
56.55493888,2014
57.1786835,1996
36.73189183,1996
57.04128745,2014
32.14731871,2009
57.12914191,2014
37.09897426,1996
55.51621251,2014
52.26544704,1996
50.71645513,1998
48.44613687,2009
46.16311485,1996
55.66505236,2014
56.78335995,2014
48.62369605,1998
44.20645892,1998
37.35260993,1996
41.07268614,1998
35.59541043,2004
58.98097737,2004
46.84574018,1996
51.03082641,1998
39.64828356,2009
57.53783752,2014
36.33873667,1996
33.15897336,1996
55.31533688,1998
52.5367612,1999
45.83565804,2009
44.744939,2009
43.09562304,1999
40.2051746,1998
49.21781716,1999
41.28902316,1998
39.48413843,2009
50.21973413,2009
52.44460762,1998
44.79976298,1998
52.1484047,1998
50.93815546,1998
36.77442057,1996
33.83275602,2004
48.2471335,1996
52.08313437,1996
45.27077066,1998
50.62786608,1998
50.03169055,1996
45.00118607,1996
41.94445773,1998
46.50416591,1998
56.7453912,1999
37.89118118,2004
48.37664648,1998
35.584235,1996
27.51246416,1996
34.19143683,1996
41.54350211,2009
61.51187083,1999
41.60409711,1996
53.23798463,2004
30.56337408,1999
36.52376266,2004
50.52335757,2009
37.9192365,1996
45.1078349,2009
61.34932572,2004
50.97740838,1999
39.40253866,1998
38.90763908,1996
46.73944361,1996
24.27498764,1996
37.44663752,1996
47.24954047,1998
52.74328976,1998
49.63048344,2014
46.69890469,2004
34.87854747,2009
35.89018849,1996
39.11742181,2004
40.19708849,1999
32.70663954,1996
58.67698197,2009
49.28397496,1998
47.54537089,1998
70.79466974,2014
60.89248235,1999
43.41089928,2009
45.07142631,1999
36.52416641,1999
49.50967589,2004
51.99244379,1998
64.86199534,1998
44.38833737,1998
48.56226183,1996
56.49569204,1998
32.94068544,2009
58.69941547,1999
31.42271644,1996
34.50342114,2009
42.27443388,1996
38.36799278,2004
43.57774428,2004
52.09485505,1998
48.44103712,2004
45.60163797,2004
53.85301566,2014
47.18471517,2004
49.55365782,2009
53.27000742,2014
37.29311123,1999
59.22011623,2014
64.6551772,1998
34.60390409,2004
52.06910357,1999
43.7938521,1996
62.44268334,2014
49.23549381,1996
56.79607143,1998
57.74452901,1998
43.67264752,2004
42.39213933,1999
48.37282246,2014
35.28438828,2004
54.29305189,2009
55.8104085,2014
49.49598795,1999
47.28376111,2009
48.3476923,2004
27.89065418,2004
33.87306563,2004
50.23560698,1999
34.87134086,1996
64.06904402,2014
29.92353619,2009
57.83421511,2014
45.65292717,2009
44.69763607,1999
55.89404783,2014
44.02610175,2009
57.77385586,2014
53.00772173,2014
37.44586201,2004
44.71899243,2009
42.00712752,1996
35.48205852,2009
46.7771058,1999
34.00680099,1996
36.8100784,1996
43.42841969,2009
60.38657634,1998
49.74194819,2009
49.6931781,1998
41.36327679,2009
39.75629753,2009
45.49379957,1996
28.36793521,2004
52.52065024,2014
46.38436726,2004
32.82772888,1996
59.86171566,1998
52.32261051,1998
31.69069985,2004
45.17098441,2009
57.16248568,2014
36.33768745,1996
67.95378705,2014
31.53053598,1996
58.21142299,1999
54.20498177,2014
52.02030164,2014
44.29099901,1999
50.85477932,1999
55.24802194,2014
44.86203248,2004
59.70636215,2009
34.83110405,2004
42.61240719,1996
52.3536814,1998
38.21581264,2009
49.18988203,1996
37.80703848,2009
37.81161819,2004
45.62257104,2009
51.62788252,1999
44.32379207,2009
48.73838797,1998
47.17366038,1999
38.6267705,2004
47.90992657,1996
45.49576808,1996
55.49550612,1999
55.18731417,1998
53.53389881,2014
44.16809634,2004
55.94535331,2014
55.29106195,1998
43.24063079,1998
51.8224819,2014
62.8627388,2014
41.63088329,2009
65.28798692,2014
53.59764355,2014
57.11017295,2014
49.07306522,1998
61.08197432,1996
41.93200783,2009
41.16620408,2009
32.27734923,2004
52.13543293,1998
48.02700919,2009
49.41047784,2004
43.19593863,2009
47.00628991,2004
40.62772786,2009
72.54241917,1998
54.44524849,2014
55.75629301,1999
28.86828446,2004
45.69046903,2009
43.75397116,1999
49.55652599,1999
62.02142256,2014
48.05074197,2009
34.38769461,2004
57.65871349,1998
60.88940303,2014
43.78077179,1998
51.83362767,1998
47.17860962,1998
72.39148397,2014
55.62383759,1998
38.31866744,2009
65.67999255,2014
61.64681193,2014
60.72208428,2004
31.12614143,2004
46.40062598,1996
59.79466184,2014
39.50072013,2009
43.48271861,2004
48.01010225,2004
47.62570049,2004
33.71268888,2004
39.90070593,2009
39.8645384,2004
55.67757,2014
51.36553139,2009
57.36462422,2014
38.18110167,1998
48.07154459,2004
39.21395815,2004
47.04156479,2004
41.44555818,1998
36.66685834,2004
48.05133983,1999
43.55924053,2009
40.99870837,1996
42.61780859,2004
53.10535782,2014
39.9720452,2009
51.2783027,2014
56.03057928,2014
46.704167,2009
53.6363955,1998
51.69782104,1996
58.78036836,2014
37.11596295,2004
49.24104504,2014
63.3208648,1999
28.98309103,1999
51.81494248,1998
33.74546386,2004
36.6102572,2004
38.4650732,2009
46.38927986,1996
34.90112994,2004
56.59394832,2014
57.87075569,2014
45.42795787,1998
55.0326269,1999
52.78334666,2009
46.71204156,2004
54.09126057,1998
54.25875769,2014
49.82329636,1999
46.81541827,2009
49.4616498,1999
31.89920867,2004
37.61240738,2009
51.69633391,2009
54.28171803,1999
36.90253337,2004
46.13036951,2009
40.11486677,1996
52.08028475,1999
46.82293703,1999
45.45444694,2009
47.76948334,1996
46.07437356,2009
44.09077479,2004
45.49653532,1998
28.46117006,1999
38.56439606,2004
59.92244418,2014
45.292686,1998
42.0543875,1996
52.52221062,1999
52.5588962,2014
60.17275664,1999
52.21117851,2004
46.35887568,1996
54.64915492,2014
44.61066639,1996
31.48468975,2004
41.8346458,2009
60.47112951,2014
73.48936436,2014
35.55531865,2004
64.3599684,2014
38.23399348,2004
15.18950545,1996
50.31845771,2004
59.23136031,1999
54.69367777,1999
37.47508652,1996
41.72357943,1996
43.34774315,1999
42.49744409,1999
47.89399733,1998
48.92527202,1999
58.61567261,1998
42.6986271,1999
49.91986543,2004
61.54642523,2014
48.40173679,2004
30.38723319,2009
51.33523268,2009
60.71839476,1999
60.47408499,2014
41.43028628,2009
67.19159256,1998
67.57185879,2014
35.83502265,2004
38.73855207,1996
49.08153588,2009
56.19902471,2009
43.03984093,1998
40.93749327,1996
43.033931,1998
42.27078149,2004
41.29707519,1998
59.47354375,1999
59.98330244,1999
53.67625409,1999
43.88750613,2009
49.83113938,2009
58.36344018,1999
47.45227699,1996
57.15545805,1998
55.21938521,2014
49.06651918,1999
43.60337052,1996
57.46700785,2014
42.93850765,2009
40.89557165,1999
47.20377714,2009
43.47116568,1999
77.42165257,1999
81.4085647,1996
82.61034676,2014
74.07997872,1998
63.42272345,1999
85.80580802,1996
66.74387953,2004
65.63930612,2009
77.13957772,2004
71.22309654,2004
68.33051926,1996
85.9908834,2009
84.358179,2009
90.5181124,2009
78.86357977,1996
63.29306315,2009
71.2696565,1998
77.28770808,1998
83.70073273,1998
68.32451765,1999
83.59132562,2014
78.97807635,1996
75.42422066,1996
80.53666767,1996
68.6726648,2004
68.92572654,2004
79.44023501,2004
81.10146871,2014
78.69560874,2004
84.18095211,1996
84.60755642,1996
82.65089108,1996
74.43682,1999
74.88115919,1998
71.6202194,1998
79.24224541,1999
75.79072587,1998
85.85994842,1998
77.13171682,1999
73.467841,1999
80.79216636,1998
84.32512326,2014
77.61908355,2004
77.10026262,2009
82.44362241,1998
70.1680925,1999
63.11412737,1996
70.18024311,2009
73.19365936,1999
87.03891779,2014
87.86131024,1996
66.85717456,1999
73.87656406,1999
82.03983893,2014
68.34385677,1999
78.06757694,2014
69.44662099,2004
68.34313791,1999
78.55471811,1999
75.58244775,1999
83.13088687,2014
85.29309216,2014
86.88797014,1996
75.46880794,1999
60.77625412,2004
80.8712711,1996
69.57907398,2004
80.53005985,1999
80.12510298,2004
75.39353079,2009
80.6532954,1999
82.94598733,1998
87.09273259,2009
68.85823929,2004
72.38711224,1998
83.26749287,1998
82.81190515,1996
87.74502527,1996
77.51339111,1999
77.75944274,1998
65.26796653,2004
78.93760776,1998
81.46701939,1998
84.63431079,1996
83.84723152,2014
57.16776943,1996
79.59672246,2014
83.87085037,2009
84.26043755,1996
77.16293772,2014
75.19628364,1998
86.22132457,2009
78.52116531,1998
82.19911778,1998
79.2703061,2014
85.46014307,1996
79.48676979,2009
85.41253917,2014
82.69971296,1999
78.99781644,1996
80.77822829,1999
78.5639706,2009
82.98627314,1998
78.36061277,1998
70.13035142,1996
77.73337049,1998
82.75301418,2009
84.27225866,1998
73.61390876,1998
72.97315595,2004
80.35419173,1998
76.82770371,1996
88.89704989,1996
73.48493637,1998
86.56489053,2004
70.0669473,1998
85.09201648,2014
81.1873657,2004
74.61450758,1999
81.44184528,1998
74.73107024,1999
82.66650283,1999
71.2807814,1999
85.71645468,2009
48.82687604,1998
69.48420831,1999
83.97274176,2014
78.22716858,2009
65.92084485,2004
76.61240492,2004
79.45034521,2004
67.92224764,2014
87.72078667,1996
80.75097775,2009
84.52267364,2009
81.924432,2009
76.09334924,1998
84.63236324,2014
74.01351354,1998
84.81429066,2014
58.92859883,1999
73.98655609,1996
78.11257516,2014
81.13946487,1996
80.75732975,2014
80.15877997,1996
64.25427149,1999
85.31721132,2014
75.70653374,1999
65.97742176,2014
81.31280919,2014
79.44785337,2009
86.20672147,1996
76.61109454,1999
71.68826708,1999
85.93758605,1996
77.8064638,2004
77.03838717,1998
75.13271385,2014
71.02584796,1998
80.93354516,1999
81.42862469,1996
84.51107024,1996
79.1182781,2014
84.94966173,2009
83.94928062,2014
76.78669024,1999
79.33918175,2004
80.26837731,1998
75.30118401,2009
67.74152355,1999
78.76086658,2004
86.50536651,1996
81.13662706,2004
76.21747266,2009
83.84180341,2004
67.29108371,1996
76.09889114,1996
87.83792691,2014
82.69248421,1996
77.3371017,2004
76.47028686,2004
78.39086295,2014
66.9334413,2009
80.91886211,1998
79.05711591,1998
69.62347,2009
81.57123264,2009
75.27740003,2009
81.20542424,2009
63.31395786,2004
89.1051388,2014
86.53754006,2014
77.30765886,2009
87.14217114,2014
81.84433871,2014
78.35470896,1999
91.07171193,2009
81.62715608,2009
79.15811244,2004
84.09721022,2014
86.32909239,1996
69.41757247,1999
81.17536261,2014
81.31514327,2009
77.93550733,2004
83.73484809,1996
77.35143343,2004
84.97906926,2014
81.00920763,2009
81.13950929,2004
71.90657422,2004
86.00873526,2014
82.7868451,1999
44.10918485,1999
75.18882359,1996
71.63932629,2014
83.17428824,2004
82.61149914,2009
84.31334767,1998
80.55203633,2009
81.85565215,2004
85.32187755,2014
65.26986818,1999
84.33767487,2014
85.50299347,1996
81.16380603,2014
81.30015502,2004
74.82901386,1999
73.21456968,2004
71.08949525,2004
57.79284971,2004
84.86268776,2004
79.33529313,2009
86.88069884,2009
79.06890498,2009
75.55992614,1998
90.61154968,1996
85.88617886,2009
72.25912102,2004
80.10374624,1996
78.76112704,1998
81.18609588,2009
76.87906944,1999
68.22679861,2004
82.14725932,1998
83.21699607,1998
82.63376332,2014
80.71974478,1998
85.00895418,2009
87.9377541,2009
71.04061851,1999
57.04026499,1999
47.15880689,1999
72.41175167,2014
66.0538753,1996
47.87227449,1999
73.07313051,2014
56.05154515,2009
50.73327927,1998
57.7570818,1998
54.44144781,1998
69.04745823,2014
51.34582841,1996
43.57978029,2009
40.4731786,1999
45.90941856,2009
29.15914045,1999
50.06018093,2009
57.87349518,1998
70.82141678,1998
33.21373535,1998
63.98590507,2014
60.15808856,2004
61.69194249,2014
55.28116226,1996
34.79200859,2004
76.08125203,2014
36.33589041,2004
47.33837767,1996
46.44863071,2004
52.99555138,1999
73.06783047,2014
51.46623165,1996
42.90560171,2004
63.87354698,2009
45.95152626,1996
53.50636216,1999
42.92434108,2009
58.09218531,1996
53.60891609,1999
53.81464327,2009
55.37513585,2009
52.22006934,1999
60.65404439,2014
57.50017549,1998
58.78211457,2009
59.89119011,1998
53.57873283,2004
52.05642489,2009
57.67984836,2014
47.565493,1996
40.31651425,2004
46.00179601,2004
40.79971406,2004
44.48647085,2004
60.28267988,1998
49.91898234,1996
59.8245095,1998
36.73993836,1996
57.6703827,2004
65.72302261,2014
76.67537394,2014
53.16355976,2009
47.54356085,1996
66.55262976,1998
43.86777669,1999
58.50999192,1999
66.64775493,2014
54.85819237,2004
58.99900253,1999
62.7440533,2014
37.29350986,1996
39.94945345,2004
38.09316133,1999
70.9186338,2014
43.55179038,1999
46.15132664,1999
42.46026239,1998
53.12248469,2009
40.89730752,1999
57.53073619,2009
44.22436233,1999
50.23143464,2004
47.52129202,2009
37.4584614,1999
62.46983704,2014
49.40779916,1998
49.89455732,2004
63.6131651,2014
44.36047126,1996
59.63974487,1998
66.53393303,2014
51.21418307,2004
40.69043807,2009
48.03562737,1998
50.69733546,1999
46.8863695,1998
51.06384768,2009
53.52514365,2014
65.06668571,2014
45.35384956,2004
38.85034708,1999
47.71813107,1996
41.3495479,1996
48.86870127,1996
49.95578793,1996
59.83476919,2004
44.66287453,1996
49.38262509,2004
60.58336722,1998
43.36510752,1998
51.0551931,1998
39.80914521,1996
54.66833309,1998
50.91191908,1998
44.63601949,1998
51.27896407,1999
59.98407458,2014
64.02167712,2014
49.4033594,2004
26.82502897,1999
58.43159697,2014
50.11066651,2009
69.55093397,2014
42.52145587,1996
57.1160035,1998
45.25884988,2004
54.93817404,2004
44.57747191,1996
49.37217156,2009
58.76904624,2014
68.79553838,2014
40.15997921,2009
44.06703534,1999
50.92526644,1996
44.74205104,2004
54.34961474,1996
53.36969031,2009
51.67003758,2009
52.56980788,1998
45.18379618,2009
46.53621766,1999
45.56327119,1996
40.74401083,2009
36.51711858,2004
41.24614592,1999
51.37968474,2009
39.14389565,1996
41.14096345,2009
41.93548387,2004
43.31592341,1998
39.11100197,2004
44.18451012,1996
41.06320763,1998
33.21057911,1999
34.30978908,1999
55.12471083,2009
48.16870683,2009
57.99567973,1996
67.71452361,2014
42.14961447,1999
55.26375777,2014
38.4567824,1998
21.91324521,1996
53.41912111,1999
57.85647086,2014
49.23364652,1999
42.11780338,1996
47.90691783,2009
57.23915546,1998
47.92432489,2004
42.70795068,2009
44.43912193,2004
46.51979042,2004
58.02340132,2014
50.23030961,1998
57.75992773,2009
43.58037218,2004
38.82451538,1996
71.02285604,2014
51.75973115,1998
63.81159039,2004
65.19423815,1998
60.28727941,1999
63.21364322,2009
61.10038504,1996
70.37929482,2014
64.94428168,2009
46.50867813,1999
50.11179786,2004
58.69760471,1996
52.97241507,1998
74.01284833,2014
85.72914131,2014
75.55246041,2009
76.70343794,1999
79.50704534,1998
70.98677588,2004
79.00665188,1996
81.86113543,2014
73.65360732,1999
75.05865732,2004
75.34306062,1998
75.53854333,2009
75.50111359,1996
46.93628787,1998
56.62279152,1998
51.41368891,2009
47.68614954,1998
52.55666376,1998
46.80350224,1998
51.55957994,1996
45.52434066,2009
48.64492907,1999
40.52922599,1999
49.7727098,2009
65.76799105,2014
45.02341676,2004
55.53176691,1998
43.63768145,2004
49.27865872,1996
53.26029397,1996
41.70370082,1999
64.85577848,2014
54.05529406,2009
49.57568949,2009
59.36926706,1996
48.25288903,1999
47.13715047,2004
39.87860005,1999
46.97181728,1996
55.09932955,2004
52.29686185,2009
42.93702188,2004
64.31729483,2014
46.29083773,1996
60.65016152,2014
48.21079996,1998
45.58252494,2009
39.47090088,1999
47.7187223,2004
43.31362206,2004
64.09770989,2014
52.07932955,1996
65.45207548,2014
39.11497201,1999
61.85044733,2014
83.41328922,1999
87.73009599,1998
91.37983552,1996
88.42745723,2014
87.9720653,2009
84.1748029,2004
63.12167362,1998
74.90652099,2004
63.13350324,1999
79.76968235,2009
76.11015469,1996
82.71853804,2014
