,StateName,stateabb,ST_CODE,bigstate,PCNAME,m_electors,f_electors,t_electors,m_voters,f_voters,t_voters,year,n,L,Representation,Constituency1
86,Andhra Pradesh,AP,S01,1,Adilabad,687421,698717,1386282,518481,525482,1043965,2014,1,,1,ADILABAD
2553,Uttar Pradesh,UP,S24,1,Agra,1003777,810896,1814739,621497,448004,1069503,2014,396,,0,AGRA
705,Gujarat,GJ,S06,1,Ahmedabad East,852765,749057,1601832,557279,422980,980265,2014,107,,0,AHMEDABAD EAST
704,Gujarat,GJ,S06,1,Ahmedabad West,800933,733462,1534400,531702,428771,960475,2014,108,,1,AHMEDABAD WEST
1495,Maharashtra,MH,S13,1,Ahmadnagar,902928,802016,1705005,594749,465801,1060551,2014,260,,0,AHMEDNAGAR
1899,Rajasthan,RJ,S20,1,Ajmer,869322,813938,1683261,613187,540384,1153571,2014,324,,0,AJMER
2550,Uttar Pradesh,UP,S24,1,Akbarpur,977669,790872,1768635,559566,411414,970980,2014,422,,0,AKBARPUR
1487,Maharashtra,MH,S13,1,Akola,882014,790609,1672643,543956,433633,977589,2014,229,,0,AKOLA
1088,Kerala,KL,S11,1,Alappuzha,611877,659447,1271324,477034,517975,995009,2014,189,,1,ALAPPUZHA
1156,Kerala,KL,S11,1,Alathur,591950,624401,1216351,452923,474384,927307,2014,183,,1,ALATHUR
2381,Uttar Pradesh,UP,S24,1,Aligarh,965995,827010,1793126,596880,467715,1064597,2014,393,,0,ALIGARH
2789,West Bengal,WB,S25,1,Alipurduars,755765,715138,1470911,619392,603041,1222433,2014,460,,1,ALIPURDUA
2641,Uttar Pradesh,UP,S24,1,Allahabad,917403,749001,1666569,506755,384075,890833,2014,430,,0,ALLAHABAD
3160,Uttarakhand,UK,S28,2,Almora,639362,614162,1253541,316094,339409,655504,2014,528,,1,ALMORA
2009,Rajasthan,RJ,S20,1,Alwar,870044,756398,1626442,585823,473846,1059669,2014,319,,0,ALWAR
225,Andhra Pradesh,AP,S01,1,Amalapuram,682606,675208,1357865,565013,548900,1113914,2014,24,,1,AMALAPURAM
790,Haryana,HR,S07,1,Ambala,909641,782783,1692424,667712,551882,1219594,2014,127,,0,AMBALA
2602,Uttar Pradesh,UP,S24,1,Ambedkar Nagar,923552,795143,1718774,541195,493159,1034355,2014,433,,0,AMBEDKAR NAGAR
2284,Uttar Pradesh,UP,S24,1,Amethi,890648,779148,1669843,461524,413341,874865,2014,415,,0,AMETHI
1481,Maharashtra,MH,S13,1,Amravati,848217,764503,1612739,554649,446414,1001063,2014,230,,0,AMRAVATI
629,Gujarat,GJ,S06,1,Amreli,777662,708624,1486286,455668,349837,805505,2014,114,,1,AMRELI
1854,Punjab,PB,S19,1,Amritsar,779164,698076,1477262,537622,469488,1007110,2014,300,,1,AMRITSAR
2465,Uttar Pradesh,UP,S24,1,Amroha,829444,714712,1544245,589753,505978,1095731,2014,387,,0,AMROHA
138,Andhra Pradesh,AP,S01,1,Anakapalli,689109,712301,1401474,561825,582294,1144120,2014,22,,1,ANAKAPALLE
735,Gujarat,GJ,S06,1,Anand,781118,715737,1496859,539236,427943,967179,2014,116,,1,ANAND
1798,Punjab,PB,S19,1,Anandpur Sahib,817186,747512,1564721,554688,532346,1087034,2014,304,,0,ANANDPUR SAHIB
227,Andhra Pradesh,AP,S01,1,Anantapur,775506,761243,1536894,612936,592912,1205849,2014,36,,0,ANANTAPUR
857,Jammu & Kashmir,JK,S09,2,Anantnag,685000,616104,1301143,211595,163643,375238,2014,143,,1,ANANTNAG
3185,Andaman & Nicobar Islands,AD,U01,2,Andaman & Nicobar Islands,142783,126577,269360,101129,89084,190213,2014,531,,1,ANDAMAN & NICOBAR ISLANDS
2628,Uttar Pradesh,UP,S24,1,Aonla,917053,736487,1653577,572213,422483,994700,2014,402,,0,AONLA
2050,Tamil Nadu,TN,S22,1,Arakkonam,693100,708671,1401813,543169,543863,1087042,2014,344,,1,ARAKKONAM
2970,West Bengal,WB,S25,1,Arambagh,833629,766658,1600293,707257,654127,1361384,2014,487,,0,ARAMBAG
2224,Tamil Nadu,TN,S22,1,Arani,683921,685715,1369668,546222,546279,1092502,2014,349,,1,ARANI
394,Bihar,BH,S04,1,Araria,843076,744212,1587332,492513,483291,975804,2014,67,,0,ARARIA
403,Bihar,BH,S04,1,Arrah,1016299,808210,1824515,517499,375555,893054,2014,90,,0,ARRAH
83,Andhra Pradesh,AP,S01,1,Aruku,622101,650158,1272340,450038,456802,906864,2014,18,,1,ARAKU
260,Arunachal Pradesh,AR,S02,2,ARUNACHAL EAST,160151,152553,312704,126888,128574,255462,2014,44,,1,ARUNACHAL EAST
258,Arunachal Pradesh,AR,S02,2,ARUNACHAL WEST,219415,227225,446640,155623,170663,326286,2014,43,,1,ARUNACHAL WEST
2906,West Bengal,WB,S25,1,Asansol,791896,677774,1469684,633286,509230,1142518,2014,498,,1,ASANSOL
1723,Odisha,OD,S18,1,Aska,750999,657756,1408780,449644,446046,895690,2014,296,,1,ASKA
1082,Kerala,KL,S11,1,Attingal,575780,675618,1251398,394491,462016,856507,2014,193,,1,ATTINGAL
513,Bihar,BH,S04,1,Aurangabad,825574,710533,1536153,429944,355719,785663,2014,95,,0,AURANGABAD
1555,Maharashtra,MH,S13,1,Aurangabad,846011,743384,1589395,554458,428022,982480,2014,242,,0,AURANGABAD
333,Assam,AS,S03,1,Autonomous District,359058,343172,702230,279451,263869,543320,2014,47,,1,AUTONOMOUS DISTRICT
2618,Uttar Pradesh,UP,S24,1,Azamgarh,941447,761573,1703121,504375,455380,959755,2014,447,,0,AZAMGARH
2353,Uttar Pradesh,UP,S24,1,Badaun,978040,791044,1769145,595106,431771,1026884,2014,401,,0,BADAUN
995,Karnataka,KA,S10,1,Bagalkot,793354,775172,1568633,561494,517311,1078805,2014,149,,0,BAGALKOT
2699,Uttar Pradesh,UP,S24,1,Baghpat,850681,654413,1505175,582431,421180,1003611,2014,389,,1,BAGHPAT
2898,West Bengal,WB,S25,1,Baharampur,752943,700833,1453783,584203,569867,1154070,2014,468,,1,BAHARAMPUR
2596,Uttar Pradesh,UP,S24,1,Bahraich,882643,755897,1638640,522529,411550,934081,2014,434,,0,BAHRAICH
1252,Madhya Pradesh,MP,S12,1,BALAGHAT,822670,807049,1629741,570388,540968,1111356,2014,209,,0,BALAGHAT
1675,Odisha,OD,S18,1,Balasore,709342,656857,1366218,531346,516773,1048119,2014,283,,1,BALASORE
2489,Uttar Pradesh,UP,S24,1,Ballia,973384,794830,1768271,517773,423406,941182,2014,450,,0,BALLIA
2845,West Bengal,WB,S25,1,Balurghat,653841,600646,1254497,548053,513027,1061080,2014,464,,1,BALURGHAT
640,Gujarat,GJ,S06,1,Banaskantha,796124,719587,1515711,511698,371518,883216,2014,102,,1,BANASKANTHA
2582,Uttar Pradesh,UP,S24,1,Banda,884779,717011,1601855,473933,384301,858234,2014,426,,0,BANDA
989,Karnataka,KA,S10,1,Bangalore central,1010478,920679,1931456,573657,500273,1073957,2014,171,,0,BANGALORE CENTRAL
891,Karnataka,KA,S10,1,Bangalore North,1260356,1140751,2401472,720898,634569,1355485,2014,170,,0,BANGALORE NORTH
1036,Karnataka,KA,S10,1,Bangalore Rural,1135853,1054284,2190398,758651,696340,1455003,2014,169,,0,BANGALORE RURAL
962,Karnataka,KA,S10,1,Bangalore South,1050737,947667,1998724,596688,516207,1112914,2014,172,,0,BANGALORE SOUTH
2972,West Bengal,WB,S25,1,Bangaon,796650,744053,1540713,653011,627517,1280528,2014,472,,0,BANGAON
525,Bihar,BH,S04,1,Banka,824924,724490,1549456,461297,438021,899318,2014,85,,0,BANKA
2775,West Bengal,WB,S25,1,Bankura,775893,727919,1503812,644501,590353,1234854,2014,494,,1,BANKURA
2573,Uttar Pradesh,UP,S24,1,Bansgaon,980235,779762,1760090,459714,417437,877152,2014,445,,0,BANSGAON
1966,Rajasthan,RJ,S20,1,Banswara,866441,831800,1698244,578240,590772,1169012,2014,331,,0,BANSWARA
23,Andhra Pradesh,AP,S01,1,Bapatla,686494,706353,1392964,583921,594010,1177932,2014,32,,1,BAPATLA
2743,Uttar Pradesh,UP,S24,1,Barabanki,925944,795265,1721278,611146,457015,1068161,2014,431,,0,BARABANKI
1399,Maharashtra,MH,S13,1,Baramati,960395,853153,1813553,602117,463496,1065613,2014,258,,0,BARAMATI
854,Jammu & Kashmir,JK,S09,2,Baramulla,624014,566724,1190766,256288,209691,465979,2014,141,,1,BARAMULLA
2892,West Bengal,WB,S25,1,Barasat,774305,738463,1512792,669359,596363,1265746,2014,475,,1,BARASAT
2940,West Bengal,WB,S25,1,Bardhaman Purba,795545,736693,1532244,682635,637516,1320152,2014,496,,1,BARDHAMAN PURBA
715,Gujarat,GJ,S06,1,Bardoli,829648,784448,1614106,636398,567973,1204371,2014,123,,0,BARDOLI
2330,Uttar Pradesh,UP,S24,1,Bareilly,911264,752773,1664081,574826,441899,1016728,2014,403,,0,BAREILLY
1754,Odisha,OD,S18,1,Bargarh,751140,679485,1430717,595871,526985,1122864,2014,278,,1,BARGARH
1967,Rajasthan,RJ,S20,1,Barmer,896867,783282,1680152,653991,562013,1216004,2014,328,,0,BARMER
300,Assam,AS,S03,1,Barpeta,755566,674622,1430188,634466,571414,1205880,2014,50,,1,BARPETA
2834,West Bengal,WB,S25,1,Barrackpore,682366,604844,1287222,567286,481436,1048722,2014,473,,1,BARRACKPUR
2768,West Bengal,WB,S25,1,Basirhat,777768,712812,1490596,677047,595849,1272897,2014,476,,1,BASIRHAT
3048,Chhattisgarh,CT,S26,1,BASTAR,632842,665241,1298083,386189,383710,769899,2014,510,,1,BASTAR
2719,Uttar Pradesh,UP,S24,1,Basti,962508,824831,1787476,549704,498809,1048521,2014,439,,0,BASTI
1850,Punjab,PB,S19,1,Bathinda,813119,712156,1525289,626895,549533,1176428,2014,309,,1,BATHINDA
1595,Maharashtra,MH,S13,1,Beed,963569,829083,1792652,680369,551091,1231460,2014,262,,0,BEED
436,Bihar,BH,S04,1,Begusarai,949825,828874,1778759,545214,532151,1077365,2014,82,,0,BEGUSARAI
978,Karnataka,KA,S10,1,Belgaum,807485,773259,1580895,569642,508074,1077716,2014,148,,0,BELGAUM
986,Karnataka,KA,S10,1,Bellary,750789,737003,1487945,541905,503534,1045448,2014,155,,1,BELLARY
1734,Odisha,OD,S18,1,Berhampur,680089,654171,1334268,450468,454066,904534,2014,297,,1,BERHAMPUR
1329,Madhya Pradesh,MP,S12,1,BETUL,836846,770954,1607831,573928,473282,1047231,2014,223,,0,BETUL
2388,Uttar Pradesh,UP,S24,1,Bhadohi,1016000,818442,1834598,527390,454368,981760,2014,456,,0,BHADOHI
1710,Odisha,OD,S18,1,Bhadrak,774566,694893,1469498,537329,541995,1079324,2014,284,,1,BHADRAK
536,Bihar,BH,S04,1,Bhagalpur,895185,790098,1685339,522417,451535,973953,2014,84,,0,BHAGALPUR
1576,Maharashtra,MH,S13,1,Bhandara - gondiya,841257,814592,1655852,615597,580693,1196291,2014,234,,0,BHANDARA-GONDIYA
2005,Rajasthan,RJ,S20,1,BHARATPUR,910990,779714,1690705,547046,413081,960127,2014,320,,0,BHARATPUR
641,Gujarat,GJ,S06,1,Bharuch,734862,682658,1417548,562549,493760,1056319,2014,122,,1,BHARUCH
659,Gujarat,GJ,S06,1,Bhavnagar,834571,759936,1594531,516968,396013,912992,2014,115,,0,BHAVNAGAR
1879,Rajasthan,RJ,S20,1,Bhilwara,904045,850856,1754901,580533,521628,1102161,2014,334,,0,BHILWARA
1330,Madhya Pradesh,MP,S12,1,BHIND,892173,707938,1600137,469662,259501,729163,2014,196,,0,BHIND
1580,Maharashtra,MH,S13,1,Bhiwandi,945521,751031,1696584,502705,372339,875044,2014,246,,0,BHIWANDI
762,Haryana,HR,S07,1,Bhiwani-Mahendragarh,792166,681746,1473912,559428,470289,1029717,2014,134,,1,BHIWANI-MAHENDRAGARH
53,Andhra Pradesh,AP,S01,1,Bhongir,756965,735217,1492240,620408,588076,1208493,2014,14,,1,BHONGIR
1326,Madhya Pradesh,MP,S12,1,BHOPAL,1039153,918021,1957241,639634,490428,1130069,2014,213,,0,BHOPAL
1689,Odisha,OD,S18,1,Bhubaneswar ,835850,691665,1527768,485138,406314,891460,2014,295,,1,BHUBANESWAR
988,Karnataka,KA,S10,1,Bidar,839154,761738,1600962,508036,454615,962652,2014,153,,0,BIDAR
892,Karnataka,KA,S10,1,Bijapur,847815,774643,1622635,521090,445637,966734,2014,150,,0,BIJAPUR
2722,Uttar Pradesh,UP,S24,1,Bijnor,848418,713587,1562081,575976,482184,1058170,2014,382,,0,BIJNOR
1981,Rajasthan,RJ,S20,1,Bikaner,847726,744629,1592355,526374,402281,928655,2014,313,,0,BIKANER
3022,Chhattisgarh,CT,S26,1,BILASPUR,891316,837889,1729229,573078,516910,1089988,2014,505,,0,BILASPUR
2832,West Bengal,WB,S25,1,Birbhum,773438,721641,1495089,669860,605076,1274936,2014,500,,1,BIRBHUM
2895,West Bengal,WB,S25,1,Bishnupur,759317,707604,1466921,667023,603708,1270731,2014,495,,1,BISHNUPUR
1768,Odisha,OD,S18,1,Bolangir,814968,747976,1563025,605683,563394,1169117,2014,287,,0,BOLANGIR
2874,West Bengal,WB,S25,1,Bolpur,798378,740033,1538421,682036,621426,1303462,2014,499,,0,BOLPUR
2384,Uttar Pradesh,UP,S24,1,Bulandshahr,930827,805499,1736436,549613,459467,1009095,2014,392,,0,BULANDSHAHR
1430,Maharashtra,MH,S13,1,Buldhana,844789,750643,1595435,535827,442565,978392,2014,228,,0,BULDHANA
2995,West Bengal,WB,S25,1,Burdwan - durgapur,821377,762111,1583495,700025,629761,1329789,2014,497,,0,BARDHAMAN-DURGAPUR
548,Bihar,BH,S04,1,Buxar,877699,762929,1640671,494435,394512,888947,2014,91,,0,BUXAR
1161,Kerala,KL,S11,1,Chalakudy,565083,585414,1150497,437197,446915,884112,2014,185,,1,CHALAKUDY
920,Karnataka,KA,S10,1,Chamarajanagar,789384,766336,1555781,585063,547426,1132497,2014,168,,0,CHAMARAJANAGAR
2714,Uttar Pradesh,UP,S24,1,Chandauli,887892,705123,1593133,545894,433978,979873,2014,454,,0,CHANDAULI
3191,Chandigarh,CH,U02,2,CHANDIGARH,333621,281593,615214,244907,208415,453322,2014,532,,1,CHANDIGARH
3215,NCT OF Delhi,DL,U05,2,CHANDNI CHOWK,791318,655854,1447230,548427,431342,979790,2014,535,,1,CHANDNI CHOWK
1625,Maharashtra,MH,S13,1,Chandrapur,921095,832595,1753690,602269,506480,1108749,2014,236,,0,CHANDRAPUR
3097,Jharkhand,JH,S27,1,Chatra,696501,616060,1312562,383214,329747,712961,2014,515,,1,CHATRA
186,Andhra Pradesh,AP,S01,1,CHELVELLA,1153061,1031897,2185164,695012,617108,1312120,2014,10,,0,CHEVELLA
2214,Tamil Nadu,TN,S22,1,Chennai central,665282,662504,1328038,421903,392161,814079,2014,341,,1,CHENNAI CENTRAL
2095,Tamil Nadu,TN,S22,1,Chennai North,707700,714428,1422392,463981,445554,909539,2014,339,,1,CHENNAI NORTH
2196,Tamil Nadu,TN,S22,1,Chennai South,901211,894252,1795776,556403,527433,1083847,2014,340,,0,CHENNAI SOUTH
1283,Madhya Pradesh,MP,S12,1,CHHINDWARA,722052,679956,1402038,584697,522618,1107315,2014,210,,1,CHHINDWARA
656,Gujarat,GJ,S06,1,Chhota Udaipur,798160,738143,1536305,590131,504411,1094542,2014,121,,0,CHHOTA UDAIPUR
2026,Tamil Nadu,TN,S22,1,Chidambaram ,686862,679307,1366190,530346,556097,1086444,2014,364,,1,CHIDAMBARAM
941,Karnataka,KA,S10,1,Chikkballapur ,843790,814500,1658410,652727,608718,1261451,2014,173,,0,CHIKKBALLAPUR
901,Karnataka,KA,S10,1,Chikkodi,746023,696120,1442206,564052,506614,1070668,2014,147,,1,CHIKKODI
904,Karnataka,KA,S10,1,Chitradurga,844869,816317,1661277,572567,524303,1096871,2014,164,,0,CHITRADURGA
82,Andhra Pradesh,AP,S01,1,Chittoor,723865,727853,1451851,595000,597153,1192153,2014,42,,1,CHITTOOR
1875,Rajasthan,RJ,S20,1,Chittorgarh,929217,890287,1819506,630617,539259,1169876,2014,332,,0,CHITTORGARH
1924,Rajasthan,RJ,S20,1,Churu,928059,825765,1753825,598297,529280,1127578,2014,314,,0,CHURU
2080,Tamil Nadu,TN,S22,1,Coimbatore,869033,851127,1720221,608444,565861,1174312,2014,357,,0,COIMBATORE
2913,West Bengal,WB,S25,1,Cooch behar,848641,764757,1613403,687125,642008,1329133,2014,459,,0,COOCHBEHAR
2160,Tamil Nadu,TN,S22,1,Cuddalore,625652,622218,1247908,485201,497002,982208,2014,363,,1,CUDDALORE
1762,Odisha,OD,S18,1,Cuttack,731912,639680,1371617,522746,455864,978610,2014,291,,1,CUTTACK
3192,Dadra & Nagar Haveli,DN,U03,2,Dadar & Nagar Haveli,106203,90394,196597,87792,77494,165286,2014,533,,1,DADRA & NAGAR HAVELI
721,Gujarat,GJ,S06,1,Dahod,712183,699578,1411765,466791,428519,895311,2014,119,,1,DAHOD
905,Karnataka,KA,S10,1,Dakshina Kannada,774454,790765,1565219,595446,611674,1207120,2014,163,,0,DAKSHINA KANNADA
3198,Daman & Diu,DD,U04,2,Daman & diu,57011,54816,111827,42355,44873,87228,2014,534,,1,DAMAN & DIU
1184,Madhya Pradesh,MP,S12,1,DAMOH,882818,768760,1651614,558821,354514,913336,2014,201,,0,DAMOH
493,Bihar,BH,S04,1,Darbhanga,797254,698177,1495445,407516,421741,829257,2014,72,,1,DARBHANGA
2911,West Bengal,WB,S25,1,Darjeeling,737062,700062,1437154,587016,553877,1140907,2014,462,,1,DARJEELING
1880,Rajasthan,RJ,S20,1,Dausa,814648,709447,1524100,518917,409839,928756,2014,322,,1,DAUSA
890,Karnataka,KA,S10,1,Davanagere,772126,750480,1522712,581109,533385,1114494,2014,159,,1,DAVANAGERE
2386,Uttar Pradesh,UP,S24,1,Deoria,997314,809319,1806926,508083,462357,970443,2014,444,,0,DEORIA
1164,Madhya Pradesh,MP,S12,1,DEWAS,843528,773563,1617111,653540,489442,1142982,2014,215,,0,DEWAS
3120,Jharkhand,JH,S27,1,Dhanbad,1032038,857981,1890021,642557,501332,1143889,2014,518,,0,DHANBAD
1251,Madhya Pradesh,MP,S12,1,DHAR,858093,810302,1668441,586698,489232,1075930,2014,219,,0,DHAR
2251,Tamil Nadu,TN,S22,1,Dharmapuri,696496,661700,1358273,567657,533724,1101416,2014,347,,1,DHARMAPURI
950,Karnataka,KA,S10,1,Dharwad,808768,769269,1578125,562867,477563,1040430,2014,157,,0,DHARWAD
2338,Uttar Pradesh,UP,S24,1,Dhaurahra,846798,711151,1558041,605084,454769,1059867,2014,407,,0,DHAURAHRA
1783,Odisha,OD,S18,1,Dhenkanal,722329,641088,1363471,551212,488983,1040200,2014,286,,1,DHENKANAL
327,Assam,AS,S03,1,Dhubri,797235,752931,1550166,709038,660085,1369123,2014,48,,0,DHUBRI
1588,Maharashtra,MH,S13,1,Dhule,879332,796027,1675367,540775,438455,979230,2014,225,,0,DHULE
2803,West Bengal,WB,S25,1,Diamond harbour,816259,739631,1555914,682840,577412,1260252,2014,479,,0,DIAMOND HARBOUR
339,Assam,AS,S03,1,Dibrugarh,579658,544647,1124305,462187,428637,890824,2014,57,,1,DIBRUGARH
2252,Tamil Nadu,TN,S22,1,Dindigul,696160,704264,1400531,538102,544003,1082129,2014,359,,1,DINDIGUL
1577,Maharashtra,MH,S13,1,Dindori,808116,722062,1530208,546617,422882,969499,2014,243,,1,DINDORI
2393,Uttar Pradesh,UP,S24,1,Domariyaganj ,961957,799313,1761415,490089,444938,935027,2014,438,,0,DOMARIYAGANJ
2890,West Bengal,WB,S25,1,Dum dum,715569,690401,1405981,590114,539290,1129404,2014,474,,1,DUM DUM
3073,Jharkhand,JH,S27,1,Dumka,658403,614641,1273049,466619,435895,902514,2014,513,,1,DUMKA
3059,Chhattisgarh,CT,S26,1,DURG,948929,909771,1858922,661165,597929,1259094,2014,507,,0,DURG
3233,NCT OF Delhi,DL,U05,2,EAST DELHI,1023325,806102,1829578,676930,518463,1195428,2014,537,,0,EAST DELHI
212,Andhra Pradesh,AP,S01,1,Eluru,706952,720738,1427764,600526,594189,1194720,2014,27,,1,ELURU
1077,Kerala,KL,S11,1,Ernakulam,565836,590656,1156492,428604,421361,849965,2014,186,,1,ERNAKULAM
2201,Tamil Nadu,TN,S22,1,Erode,656661,664670,1321399,510564,495852,1006429,2014,354,,1,ERODE
2272,Uttar Pradesh,UP,S24,1,Etah,856985,720450,1577457,520186,405831,926017,2014,400,,0,ETAH
2639,Uttar Pradesh,UP,S24,1,Etawah,938271,768913,1707237,529547,408334,937881,2014,419,,0,ETAWAH
2658,Uttar Pradesh,UP,S24,1,Faizabad,936036,802604,1738701,558076,464473,1022558,2014,432,,0,FAIZABAD
796,Haryana,HR,S07,1,Faridabad,969407,770945,1740352,651241,479430,1130671,2014,136,,0,FARIDABAD
1859,Punjab,PB,S19,1,Faridkot,768206,686848,1455075,547017,484634,1031651,2014,307,,1,FARIDKOT
2394,Uttar Pradesh,UP,S24,1,Farrukhabad,891793,721921,1613781,560618,409931,970549,2014,418,,0,FARRUKHABAD
1813,Punjab,PB,S19,1,Fatehgarh Sahib,740390,656554,1396957,551095,479741,1030836,2014,306,,1,FATEHGARH SAHIB
2646,Uttar Pradesh,UP,S24,1,Fatehpur,985898,818821,1804753,574629,481306,1055940,2014,427,,0,FATEHPUR
2583,Uttar Pradesh,UP,S24,1,Fatehpur Sikri,877271,703267,1580582,565514,401637,967152,2014,397,,0,FATEHPUR SIKRI
2579,Uttar Pradesh,UP,S24,1,Firozabad,902532,734206,1636738,643026,461542,1104568,2014,398,,0,FIROZABAD
1802,Punjab,PB,S19,1,Firozpur,808857,713236,1522111,590404,514569,1104973,2014,308,,1,FIROZPUR
1511,Maharashtra,MH,S13,1,Gadchiroli-Chimur,752751,715686,1468437,537674,489980,1027654,2014,235,,1,GADCHIROLI-CHIMUR
738,Gujarat,GJ,S06,1,Gandhinagar,900744,833210,1733972,617164,511490,1128656,2014,106,,0,GANDHINAGAR
1934,Rajasthan,RJ,S20,1,Ganganagar,909749,808665,1718414,678212,573241,1251453,2014,312,,0,GANGANAGAR
3173,Uttarakhand,UK,S28,2,Garhwal,651868,615350,1267218,320955,357047,678002,2014,527,,1,GARHWAL
334,Assam,AS,S03,1,Gauhati,988067,934203,1922270,784535,727081,1511616,2014,51,,0,GAUHATI
2505,Uttar Pradesh,UP,S24,1,Gautam Buddha Nagar,1105732,880377,1986109,707052,491342,1198394,2014,391,,0,GAUTAM BUDHHA NAGAR
512,Bihar,BH,S04,1,Gaya (SC),799210,702311,1501521,442912,364010,806922,2014,96,,1,GAYA
2942,West Bengal,WB,S25,1,Ghatal,835803,774672,1610489,690945,675066,1366019,2014,490,,0,GHATAL
2692,Uttar Pradesh,UP,S24,1,Ghaziabad,1333055,1024455,2357553,781962,559856,1341818,2014,390,,0,GHAZIABAD
2518,Uttar Pradesh,UP,S24,1,Ghazipur,983352,818105,1801519,528986,457272,986259,2014,453,,0,GHAZIPUR
2515,Uttar Pradesh,UP,S24,1,Ghosi,1040033,850934,1891112,547380,492131,1039511,2014,448,,0,GHOSI
3069,Jharkhand,JH,S27,1,Giridih,811587,700052,1511644,531982,439241,971223,2014,517,,1,GIRIDIH
3090,Jharkhand,JH,S27,1,Godda,840396,750375,1590772,549854,499254,1049108,2014,514,,0,GODDA
2455,Uttar Pradesh,UP,S24,1,Gonda,935167,775608,1710825,487483,384938,872422,2014,437,,0,GONDA
431,Bihar,BH,S04,1,Gopalganj (SC),871590,783212,1654838,444922,458639,903561,2014,75,,0,GOPALGANJ
2486,Uttar Pradesh,UP,S24,1,Gorakhpur,1055209,848621,1903988,582909,457008,1039934,2014,442,,0,GORAKHPUR
991,Karnataka,KA,S10,1,Gulbarga,878311,843454,1721990,522778,474347,997125,2014,151,,0,GULBARGA
1175,Madhya Pradesh,MP,S12,1,GUNA,857327,748265,1605613,580802,394613,975415,2014,198,,0,GUNA
7,Andhra Pradesh,AP,S01,1,Guntur,773037,798804,1572017,613894,623668,1237579,2014,30,,0,GUNTUR
1811,Punjab,PB,S19,1,Gurdaspur,784477,715839,1500337,532763,509586,1042349,2014,299,,1,GURDASPUR
789,Haryana,HR,S07,1,Gurgaon,984370,860536,1844906,727100,593187,1320287,2014,135,,0,GURGAON
1244,Madhya Pradesh,MP,S12,1,GWALIOR,1023937,852908,1876965,594606,395609,990230,2014,197,,0,GWALIOR
572,Bihar,BH,S04,1,Hajipur (SC),895047,754452,1649547,478157,425876,904033,2014,79,,0,HAJIPUR
2549,Uttar Pradesh,UP,S24,1,Hamirpur,949328,788636,1737993,550111,427480,977593,2014,425,,0,HAMIRPUR
827,Himachal Pradesh,HP,S08,2,Hamirpur,633572,614126,1247699,394620,438467,833087,2014,139,,1,HAMIRPUR
2304,Uttar Pradesh,UP,S24,1,Hardoi,939831,774501,1714388,565516,407349,972865,2014,409,,0,HARDOI
3178,Uttarakhand,UK,S28,2,Hardwar,888328,754505,1642873,637480,535871,1173352,2014,530,,0,HARDWAR
980,Karnataka,KA,S10,1,Hassan,789847,771551,1561486,585749,560755,1146508,2014,162,,0,HASSAN
2342,Uttar Pradesh,UP,S24,1,Hathras,969908,788925,1758927,596865,452373,1049240,2014,394,,0,HATHRAS
1475,Maharashtra,MH,S13,1,Hatkanangle,850721,779846,1630604,630470,556249,1186727,2014,271,,0,HATKANANGLE
1035,Karnataka,KA,S10,1,Haveri,807076,751596,1558749,594946,520512,1115458,2014,156,,0,HAVERI
3117,Jharkhand,JH,S27,1,Hazaribagh,812554,706367,1518923,515052,452228,967280,2014,525,,1,HAZARIBAGH
191,Andhra Pradesh,AP,S01,1,Hindupur,734674,711755,1446496,598591,572192,1170783,2014,37,,1,HINDUPUR
1581,Maharashtra,MH,S13,1,Hingoli,839540,746644,1586194,575663,473420,1049085,2014,238,,0,HINGOLI
791,Haryana,HR,S07,1,Hisar,825688,691918,1517606,637448,518049,1155497,2014,130,,1,HISAR
2801,West Bengal,WB,S25,1,Hooghly,836584,793445,1630042,696614,650941,1347556,2014,486,,0,HOOGHLY
1311,Madhya Pradesh,MP,S12,1,HOSHANGABAD,835566,732614,1568206,593375,436990,1030365,2014,211,,0,HOSHANGABAD
1861,Punjab,PB,S19,1,Hoshiarpur,762065,723207,1485286,473084,487516,960600,2014,303,,1,HOSHIARPUR
2964,West Bengal,WB,S25,1,Howrah,802653,702441,1505099,621808,503224,1125035,2014,483,,1,HOWRAH
190,Andhra Pradesh,AP,S01,1,Hyderabad,960480,862516,1823217,525811,445415,971226,2014,9,,0,HYDERABAD
1121,Kerala,KL,S11,1,Idukki,578849,579886,1158735,424879,394103,818982,2014,187,,1,IDUKKI
1215,Madhya Pradesh,MP,S12,1,INDORE,1106595,1008635,2115303,736204,579670,1315896,2014,220,,0,INDORE
1627,Manipur,MN,S14,2,Inner manipur ,417103,438257,855360,307043,334205,641248,2014,272,,1,INNER MANIPUR
1250,Madhya Pradesh,MP,S12,1,JABALPUR,898045,813502,1711621,558905,443227,1002132,2014,207,,0,JABALPUR
2837,West Bengal,WB,S25,1,Jadavpur,811441,784269,1595746,666829,605165,1271994,2014,480,,0,JADAVPUR
1761,Odisha,OD,S18,1,Jagatsinghpur,797923,701680,1499673,587440,544083,1131526,2014,293,,1,JAGATSINGHPUR
516,Bihar,BH,S04,1,Jahanabad,751585,671629,1423246,445501,365502,811003,2014,94,,1,JAHANABAD
1955,Rajasthan,RJ,S20,1,Jaipur,1047469,910349,1957820,714851,578288,1293139,2014,318,,0,JAIPUR
2013,Rajasthan,RJ,S20,1,Jaipur Rural,906858,793449,1700307,556476,452621,1009097,2014,317,,0,JAIPUR RURAL
1772,Odisha,OD,S18,1,Jajpur,696385,607337,1303733,522476,456676,979152,2014,285,,1,JAJPUR
1842,Punjab,PB,S19,1,Jalandhar,808530,742954,1551497,532265,508444,1040709,2014,302,,0,JALANDHAR
2642,Uttar Pradesh,UP,S24,1,Jalaun,1037570,849595,1887189,632802,476033,1108846,2014,423,,0,JALAUN
1408,Maharashtra,MH,S13,1,Jalgaon,909058,798886,1707969,550503,439312,989821,2014,226,,0,JALGAON
1413,Maharashtra,MH,S13,1,Jalna,866612,745444,1612056,595979,469547,1065526,2014,241,,0,JALNA
1920,Rajasthan,RJ,S20,1,Jalore,964046,860922,1824968,581247,506374,1087621,2014,329,,0,JALORE
2956,West Bengal,WB,S25,1,Jalpaiguri,795704,735760,1531469,675989,625242,1301231,2014,461,,1,JALPAIGURI
841,Jammu & Kashmir,JK,S09,2,Jammu,977308,870834,1848155,665098,587601,1252699,2014,146,,0,JAMMU
708,Gujarat,GJ,S06,1,Jamnagar,771003,699937,1470952,484080,364974,849055,2014,112,,1,JAMNAGAR
3098,Jharkhand,JH,S27,1,Jamshedpur,811632,770030,1581665,548089,501033,1049122,2014,520,,0,JAMSHEDPUR
433,Bihar,BH,S04,1,Jamui (SC),828406,722499,1550936,415589,360008,775597,2014,98,,0,JAMUI
2750,West Bengal,WB,S25,1,Jangipur,714890,676753,1391656,559290,559068,1118358,2014,467,,1,JANGIPUR
3042,Chhattisgarh,CT,S26,1,JANJGIR-CHAMPA,895884,848077,1744201,558932,514393,1073325,2014,503,,0,JANJGIR-CHAMPA
2371,Uttar Pradesh,UP,S24,1,Jaunpur,1002938,845831,1848842,527140,479177,1006317,2014,451,,0,JAUNPUR
1979,Rajasthan,RJ,S20,1,JHALAWAR-BARAN,868979,800865,1669844,635617,510625,1146242,2014,336,,0,JHALAWAR-BARAN
500,Bihar,BH,S04,1,Jhanjharpur,895570,772835,1668405,450499,490640,941139,2014,65,,0,JHANJHARPUR
2581,Uttar Pradesh,UP,S24,1,Jhansi,1034112,897888,1932052,734228,586213,1320441,2014,424,,0,JHANSI
2885,West Bengal,WB,S25,1,Jhargram,753841,721269,1475112,645909,610427,1256336,2014,491,,1,JHARGRAM
1962,Rajasthan,RJ,S20,1,Jhunjhunu,894068,803402,1697470,521812,479727,1001539,2014,315,,0,JHUNJHUNU
2008,Rajasthan,RJ,S20,1,Jodhpur,910621,817170,1727791,596225,475258,1071483,2014,327,,0,JODHPUR
314,Assam,AS,S03,1,Jorhat,611283,578203,1189486,483784,447088,930872,2014,56,,1,JORHAT
2842,West Bengal,WB,S25,1,Joynagar,757902,700787,1458724,633029,555516,1188545,2014,477,,1,JAYNAGAR
709,Gujarat,GJ,S06,1,Junagadh,772017,713524,1485543,513928,423553,937481,2014,113,,1,JUNAGADH
660,Gujarat,GJ,S06,1,Kachchh,806343,727439,1533782,519100,423463,942563,2014,101,,1,KACHCHH
204,Andhra Pradesh,AP,S01,1,Kadapa,764947,785380,1550440,583320,606195,1189516,2014,38,,0,KADAPA
2610,Uttar Pradesh,UP,S24,1,Kairana,840629,691073,1531767,617921,500278,1118199,2014,380,,1,KAIRANA
2521,Uttar Pradesh,UP,S24,1,Kaiserganj,928269,783633,1711967,527027,415386,942413,2014,435,,0,KAISERGANJ
155,Andhra Pradesh,AP,S01,1,Kakinada,709103,709050,1418290,555263,538635,1093933,2014,23,,1,KAKINADA
1767,Odisha,OD,S18,1,Kalahandi,750694,723392,1474135,576088,539704,1115803,2014,288,,1,KALAHANDI
291,Assam,AS,S03,1,Kaliabor,752695,704524,1457219,605354,561208,1166562,2014,55,,1,KALIABOR
2199,Tamil Nadu,TN,S22,1,Kallakurichi,707219,705147,1412499,541221,562429,1103662,2014,351,,1,KALLAKURICHI
1540,Maharashtra,MH,S13,1,Kalyan,1044943,876995,1922034,472077,352517,824652,2014,247,,0,KALYAN
2227,Tamil Nadu,TN,S22,1,Kancheepuram,736993,742956,1480123,572957,554099,1127056,2014,343,,1,KANCHEEPURAM
1729,Odisha,OD,S18,1,Kandhamal,582340,561228,1143602,422515,416406,838921,2014,290,,1,KANDHAMAL
838,Himachal Pradesh,HP,S08,2,Kangra,645888,612713,1258601,389575,408414,797989,2014,137,,1,KANGRA
3010,Chhattisgarh,CT,S26,1,KANKER,722916,725459,1448375,515715,500911,1016626,2014,511,,1,KANKER
2283,Uttar Pradesh,UP,S24,1,Kannauj,1000035,808799,1808886,629125,484744,1113869,2014,420,,0,KANNAUJ
2166,Tamil Nadu,TN,S22,1,Kanniyakumari,743378,724348,1467796,488828,501284,990114,2014,376,,1,KANNIYAKUMARI
1090,Kerala,KL,S11,1,Kannur,548454,621812,1170266,438891,506993,945884,2014,176,,1,KANNUR
2502,Uttar Pradesh,UP,S24,1,Kanpur,889344,721802,1611248,485562,349156,834718,2014,421,,0,KANPUR
2926,West Bengal,WB,S25,1,Kanthi,777345,713061,1490409,663897,626338,1290235,2014,489,,1,KANTHI
361,Bihar,BH,S04,1,Karakat,849474,730224,1580558,457406,332394,789800,2014,93,,0,KARAKAT
1874,Rajasthan,RJ,S20,1,KARAULI-DHOLPUR,845548,703920,1549468,491202,353973,845175,2014,321,,0,KARAULI-DHOLPUR
342,Assam,AS,S03,1,Karimganj,615198,550799,1165997,481673,404641,886314,2014,45,,1,KARIMGANJ
105,Andhra Pradesh,AP,S01,1,Karimnagar,777440,773291,1550810,550760,569382,1120142,2014,3,,0,KARIMNAGAR
770,Haryana,HR,S07,1,Karnal,913321,771000,1684321,666729,526629,1193358,2014,131,,0,KARNAL
2113,Tamil Nadu,TN,S22,1,Karur,641693,656598,1298322,510504,533334,1043857,2014,360,,1,KARUR
1131,Kerala,KL,S11,1,Kasaragod,595047,648683,1243730,459280,514333,973613,2014,175,,1,KASARAGOD
522,Bihar,BH,S04,1,Katihar,769044,677392,1446478,495600,481934,977534,2014,69,,1,KATIHAR
2327,Uttar Pradesh,UP,S24,1,Kaushambi,954848,783372,1738509,491070,418758,909828,2014,428,,0,KAUSHAMBI
1763,Odisha,OD,S18,1,Kendrapara,828491,726929,1555444,577477,558439,1135916,2014,292,,0,KENDRAPARA
1765,Odisha,OD,S18,1,Keonjhar,691369,655285,1346683,550293,532437,1082730,2014,281,,1,KEONJHAR
1852,Punjab,PB,S19,1,Khadoor Sahib,817134,746233,1563409,534962,505352,1040314,2014,301,,0,KHADOOR SAHIB
514,Bihar,BH,S04,1,Khagaria,800786,705750,1506587,445941,450160,896101,2014,83,,1,KHAGARIA
1201,Madhya Pradesh,MP,S12,1,KHAJURAHO,907340,795472,1702833,517233,357041,874283,2014,202,,0,KHAJURAHO
153,Andhra Pradesh,AP,S01,1,Khammam,712310,727861,1440267,586887,592349,1179236,2014,17,,1,KHAMMAM
1331,Madhya Pradesh,MP,S12,1,KHANDWA,912764,846610,1759417,677300,578287,1255596,2014,222,,0,KHANDWA
1332,Madhya Pradesh,MP,S12,1,KHARGONE,866905,836341,1703272,613926,537792,1151722,2014,221,,0,KHARGONE
687,Gujarat,GJ,S06,1,Kheda,833232,766227,1599476,540239,411083,951323,2014,117,,0,KHEDA
2606,Uttar Pradesh,UP,S24,1,Kheri,904863,774542,1679466,606219,471614,1077848,2014,406,,0,KHERI
3066,Jharkhand,JH,S27,1,Khunti,565457,546398,1111856,373314,364162,737476,2014,522,,1,KHUNTI
482,Bihar,BH,S04,1,Kishanganj,762874,676103,1438990,471096,457126,928222,2014,68,,1,KISHANGANJ
3087,Jharkhand,JH,S27,1,Kodarma,870003,769641,1639645,535308,489593,1024901,2014,516,,0,KODARMA
292,Assam,AS,S03,1,Kokrajhar,776151,729307,1505472,636473,587031,1223504,2014,49,,1,KOKRAJHAR
958,Karnataka,KA,S10,1,Kolar,755450,737386,1492977,581924,544042,1125973,2014,174,,1,KOLAR
1608,Maharashtra,MH,S13,1,Kolhapur,909286,849002,1758293,663565,595421,1258986,2014,270,,0,KOLHAPUR
2879,West Bengal,WB,S25,1,Kolkata Dakshin,890251,795037,1685296,626618,540007,1166625,2014,481,,0,KOLKATA DAKSHIN
2897,West Bengal,WB,S25,1,Kolkata Uttar,797437,636542,1433985,534806,419974,954783,2014,482,,1,KOLKATA UTTAR
1129,Kerala,KL,S11,1,Kollam,575296,644119,1219415,406898,469024,875922,2014,192,,1,KOLLAM
957,Karnataka,KA,S10,1,Koppal,770316,764694,1535105,526117,480597,1006716,2014,154,,1,KOPPAL
1680,Odisha,OD,S18,1,Koraput,629268,671019,1300437,485037,504205,989243,2014,298,,1,KORAPUT
3005,Chhattisgarh,CT,S26,1,KORBA,729951,693664,1423729,545187,506882,1052069,2014,504,,1,KORBA
1957,Rajasthan,RJ,S20,1,Kota,913387,831152,1744539,632156,518136,1150292,2014,335,,0,KOTA
1085,Kerala,KL,S11,1,Kottayam,573572,587893,1161465,426604,404356,830960,2014,188,,1,KOTTAYAM
1072,Kerala,KL,S11,1,Kozhikode,571709,610775,1182484,456299,484028,940327,2014,179,,1,KOZHIKODE
2153,Tamil Nadu,TN,S22,1,Krishnagiri,705468,674363,1379957,546295,522804,1069117,2014,346,,1,KRISHNAGIRI
2960,West Bengal,WB,S25,1,Krishnanagar ,769981,706791,1476783,638727,607902,1246629,2014,470,,1,KRISHNANAGAR
117,Andhra Pradesh,AP,S01,1,Kurnool,738832,742805,1481791,543424,519253,1062680,2014,35,,1,KURNOOL
795,Haryana,HR,S07,1,Kurukshetra,807700,690759,1498459,618481,517170,1135651,2014,128,,1,KURUKSHETRA
2491,Uttar Pradesh,UP,S24,1,Kushi Nagar,930637,750240,1680992,505771,444293,950064,2014,443,,0,KUSHI NAGAR
869,Jammu & Kashmir,JK,S09,2,Ladakh,86256,80503,166763,57162,60002,117164,2014,144,,1,LADAKH
319,Assam,AS,S03,1,Lakhimpur,735340,695740,1431080,572467,539555,1112022,2014,58,,1,LAKHIMPUR
3249,Lakshadweep,LK,U06,2,Lakshadweep ,25433,24489,49922,21584,21655,43239,2014,542,,1,LAKSHADWEEP
2307,Uttar Pradesh,UP,S24,1,Lalganj,906738,754613,1661470,456872,441988,898860,2014,446,,0,LALGANJ
1529,Maharashtra,MH,S13,1,Latur,902170,784780,1686957,576599,477934,1054533,2014,264,,0,LATUR
3129,Jharkhand,JH,S27,1,Lohardaga,578880,540264,1119144,333825,317508,651333,2014,523,,1,LOHARDAGA
2380,Uttar Pradesh,UP,S24,1,Lucknow,1052171,897693,1949956,580513,450547,1031060,2014,413,,0,LUCKNOW
1823,Punjab,PB,S19,1,Ludhiana,835632,725551,1561201,601709,499984,1101693,2014,305,,0,LUDHIANA
2575,Uttar Pradesh,UP,S24,1,Machhlishahr ,1026789,865121,1891969,512798,483995,996793,2014,452,,0,MACHHLISHAHR
245,Andhra Pradesh,AP,S01,1,Machilipatnam,675783,693423,1369311,564406,569695,1134104,2014,28,,1,MACHILIPATNAM
1363,Maharashtra,MH,S13,1,Madha,912715,814603,1727322,594868,483305,1078173,2014,266,,0,MADHA
391,Bihar,BH,S04,1,Madhepura,899152,826507,1725693,508782,525869,1034651,2014,71,,0,MADHEPURA
498,Bihar,BH,S04,1,Madhubani,878017,749809,1627832,413708,446640,860348,2014,64,,0,MADHUBANI
2023,Tamil Nadu,TN,S22,1,Madurai,717175,724206,1441434,483389,490525,973940,2014,369,,1,MADURAI
176,Andhra Pradesh,AP,S01,1,Mahabubabad,688341,698868,1387288,560443,560406,1120853,2014,16,,1,MAHABUBABAD
2513,Uttar Pradesh,UP,S24,1,Maharajganj,946234,796767,1743131,549757,510481,1060238,2014,441,,0,MAHARAJGANJ
499,Bihar,BH,S04,1,Maharajganj,874822,767218,1642068,420232,426095,846327,2014,77,,0,MAHARAJGANJ
3030,Chhattisgarh,CT,S26,1,MAHASAMUND,757694,758435,1516177,576664,554172,1130836,2014,509,,1,MAHASAMUND
38,Andhra Pradesh,AP,S01,1,Mahbubnagar ,713064,705447,1418668,509912,499391,1009304,2014,11,,1,MAHBUBNAGAR
722,Gujarat,GJ,S06,1,Mahesana,777821,720375,1498219,541116,456612,997735,2014,104,,1,MAHESANA
2626,Uttar Pradesh,UP,S24,1,Mainpuri,900568,752461,1653058,579581,418952,998538,2014,399,,0,MAINPURI
1115,Kerala,KL,S11,1,Malappuram,598207,600237,1198444,415672,437264,852936,2014,180,,1,MALAPPURAM
2808,West Bengal,WB,S25,1,Maldaha Dakshin,692386,654741,1347143,545088,544292,1089380,2014,466,,1,MALDAHA DAKSHIN
2864,West Bengal,WB,S25,1,Maldaha Uttar ,740749,684660,1425428,578561,582591,1161152,2014,465,,1,MALDAHA UTTAR
200,Andhra Pradesh,AP,S01,1,Malkajgiri,1723261,1459417,3183083,877156,741285,1618441,2014,7,,0,MALKAJGIRI
835,Himachal Pradesh,HP,S08,2,Mandi,587833,562575,1150408,377093,347977,725070,2014,138,,1,MANDI
1262,Madhya Pradesh,MP,S12,1,MANDLA,926166,898514,1824702,641219,575693,1216914,2014,208,,0,MANDLA
1174,Madhya Pradesh,MP,S12,1,MANDSOUR,838141,788383,1626556,639978,520386,1160374,2014,217,,0,MANDSOUR
969,Karnataka,KA,S10,1,Mandya,839052,830121,1669262,604491,587306,1191805,2014,166,,0,MANDYA
336,Assam,AS,S03,1,Mangaldoi,791539,724137,1515676,651247,581802,1233049,2014,52,,1,MANGALDOI
2294,Uttar Pradesh,UP,S24,1,Mathura,931944,750142,1682260,619776,457879,1077656,2014,395,,0,MATHURA
2887,West Bengal,WB,S25,1,Mathurapur,772277,716496,1488785,662025,607691,1269716,2014,478,,1,MATHURAPUR
1484,Maharashtra,MH,S13,1,Maval,1035961,917770,1953741,646904,527044,1173949,2014,256,,0,MAVAL
1144,Kerala,KL,S11,1,Mavelikkara,592702,659966,1252668,416193,470987,887180,2014,190,,1,MAVELIKKARA
2221,Tamil Nadu,TN,S22,1,Mayiladuthurai,679940,670377,1350318,503104,520845,1023950,2014,365,,1,MAYILADUTHURAI
1773,Odisha,OD,S18,1,Mayurbhanj,670100,657438,1327555,522251,528655,1050906,2014,282,,1,MAYURBHANJ
149,Andhra Pradesh,AP,S01,1,Medak,775560,760532,1536166,605044,583040,1188084,2014,6,,0,MEDAK
2948,West Bengal,WB,S25,1,Medinipur,770363,729306,1499673,647452,613326,1260778,2014,492,,1,MEDINIPUR
2346,Uttar Pradesh,UP,S24,1,Meerut,971956,792318,1764388,631761,479781,1111542,2014,388,,0,MEERUT
2404,Uttar Pradesh,UP,S24,1,Mirzapur,938504,782028,1720661,557612,449962,1007581,2014,457,,0,MIRZAPUR
2317,Uttar Pradesh,UP,S24,1,Misrikh,948316,777207,1725589,574416,423674,998090,2014,410,,0,MISRIKH
1654,Mizoram,MZ,S16,2,MIZORAM,346219,355951,702170,212673,213477,426150,2014,276,,1,MIZORAM
2657,Uttar Pradesh,UP,S24,1,Mohanlalganj,995313,842841,1838194,637851,476997,1114848,2014,412,,0,MOHANLALGANJ
2614,Uttar Pradesh,UP,S24,1,Moradabad,961935,810050,1771985,626722,499370,1126092,2014,384,,0,MORADABAD
1285,Madhya Pradesh,MP,S12,1,MORENA,938787,763635,1702457,538721,315516,854238,2014,195,,0,MORENA
1584,Maharashtra,MH,S13,1,Mumbai North,972753,811110,1783870,527247,418394,945642,2014,249,,0,MUMBAI NORTH
1460,Maharashtra,MH,S13,1,Mumbai North central,967468,769592,1737084,472010,372857,844867,2014,252,,0,MUMBAI NORTH CENTRAL
1593,Maharashtra,MH,S13,1,Mumbai North East,923016,745254,1668357,485677,375903,861638,2014,251,,0,MUMBAI NORTH EAST
1390,Maharashtra,MH,S13,1,Mumbai North West,986704,788712,1775416,504202,393043,897245,2014,250,,0,MUMBAI NORTH WEST
1622,Maharashtra,MH,S13,1,Mumbai South,828962,656867,1485844,436292,342366,778666,2014,254,,1,MUMBAI SOUTH
1496,Maharashtra,MH,S13,1,Mumbai South central,793802,654025,1447886,424310,343790,768130,2014,253,,1,MUMBAI SOUTH CENTRAL
351,Bihar,BH,S04,1,Munger,937897,782040,1719984,505931,408329,914268,2014,86,,0,MUNGER
2797,West Bengal,WB,S25,1,Murshidabad,782480,729615,1512098,653122,635049,1288171,2014,469,,1,MURSHIDABAD
2546,Uttar Pradesh,UP,S24,1,Muzaffarnagar,875179,713220,1588475,618042,484660,1102713,2014,381,,0,MUZAFFARNAGAR
492,Bihar,BH,S04,1,Muzaffarpur,830943,720390,1551363,490949,457916,948865,2014,73,,0,MUZAFFARPUR
917,Karnataka,KA,S10,1,Mysore,867893,855100,1723134,596311,561022,1157346,2014,167,,0,MYSORE
1688,Odisha,OD,S18,1,Nabarangpur,645875,651286,1297210,512473,509104,1021577,2014,289,,1,NABARANGPUR
1659,Nagaland,NL,S17,2,Nagaland,600518,582454,1182972,528703,510521,1039224,2014,277,,1,NAGALAND
2072,Tamil Nadu,TN,S22,1,Nagapattinam ,606339,604280,1210626,452899,486855,939756,2014,366,,1,NAGAPATTINAM 
5,Andhra Pradesh,AP,S01,1,Nagarkurnool ,745050,732104,1477305,569056,537781,1106865,2014,12,,1,NAGARKURNOOL 
2012,Rajasthan,RJ,S20,1,Nagaur,886728,791932,1678660,531452,469913,1001365,2014,325,,0,NAGAUR
2613,Uttar Pradesh,UP,S24,1,Nagina,795562,697765,1493419,484049,458292,942349,2014,383,,1,NAGINA
1459,Maharashtra,MH,S13,1,Nagpur,980485,920265,1900784,578754,504850,1083604,2014,233,,0,NAGPUR
3158,Uttarakhand,UK,S28,2,Nainital-udhamsingh Nagar,857782,753029,1610811,589435,509910,1099345,2014,529,,0,NAINITAL-UDHAMSINGH NAGAR
487,Bihar,BH,S04,1,Nalanda,1036575,915392,1951967,503039,418609,921648,2014,87,,0,NALANDA
180,Andhra Pradesh,AP,S01,1,Nalgonda,746042,748256,1494343,597237,583448,1180687,2014,13,,1,NALGONDA
2135,Tamil Nadu,TN,S22,1,Namakkal,661113,668368,1329552,532212,526436,1058676,2014,353,,1,NAMAKKAL
1376,Maharashtra,MH,S13,1,Nanded,878520,808528,1687057,548032,462233,1010265,2014,239,,0,NANDED
1596,Maharashtra,MH,S13,1,Nandurbar,852313,820622,1672943,583431,530953,1114384,2014,224,,0,NANDURBAR
113,Andhra Pradesh,AP,S01,1,Nandyal,783126,793585,1576945,601303,599288,1200607,2014,34,,0,NANDYAL
156,Andhra Pradesh,AP,S01,1,Narasaraopet,748474,766262,1514861,635270,640887,1276157,2014,31,,1,NARASARAOPET
127,Andhra Pradesh,AP,S01,1,Narsapuram,652598,672304,1325028,536507,546670,1083177,2014,26,,1,NARSAPURAM
1397,Maharashtra,MH,S13,1,Nashik,850699,743058,1593774,523318,412087,935405,2014,244,,0,NASHIK
750,Gujarat,GJ,S06,1,Navsari,972090,792480,1764622,644265,512736,1157014,2014,125,,0,NAVSARI
567,Bihar,BH,S04,1,Nawada,897821,797019,1694895,478247,406136,884383,2014,97,,0,NAWADA
70,Andhra Pradesh,AP,S01,1,Nellore,796823,809115,1606127,589353,590606,1179968,2014,39,,0,NELLORE
3241,NCT OF Delhi,DL,U05,2,NEW DELHI,830322,659749,1490147,545628,422884,968519,2014,538,,1,NEW DELHI
2036,Tamil Nadu,TN,S22,1,Nilgiris,629707,639433,1269173,472256,458764,931024,2014,356,,1,NILGIRIS
202,Andhra Pradesh,AP,S01,1,Nizamabad,724523,771586,1496193,467172,559329,1026505,2014,4,,1,NIZAMABAD
3243,NCT OF Delhi,DL,U05,2,NORTH EAST DELHI,1079407,878183,1957708,738979,574789,1313796,2014,536,,0,NORTH EAST DELHI
594,Goa,GA,S05,2,North Goa,255870,259571,515441,199489,205701,405190,2014,99,,1,NORTH GOA
3235,NCT OF Delhi,DL,U05,2,NORTH WEST DELHI,1212516,981633,2194343,757777,595362,1353181,2014,539,,0,NORTH WEST DELHI
335,Assam,AS,S03,1,Nowgong,792425,731446,1523881,639499,590545,1230044,2014,54,,1,NOWGONG
84,Andhra Pradesh,AP,S01,1,Ongole,736216,733891,1470212,597957,599889,1197855,2014,33,,1,ONGOLE
1467,Maharashtra,MH,S13,1,Osmanabad,934227,824943,1759186,611537,505020,1116572,2014,263,,0,OSMANABAD
1634,Manipur,MN,S14,2,Outer manipur,454314,464695,919009,379493,393746,773239,2014,273,,1,OUTER MANIPUR
1125,Kerala,KL,S11,1,Palakkad,587366,621360,1208726,444249,465167,909416,2014,182,,1,PALAKKAD
3116,Jharkhand,JH,S27,1,Palamau,889932,756024,1645957,523108,453494,976602,2014,524,,0,PALAMAU
1524,Maharashtra,MH,S13,1,Palghar,830398,747673,1578149,531904,460337,992280,2014,245,,0,PALGHAR
1964,Rajasthan,RJ,S20,1,Pali,998413,903678,1902094,578674,512314,1090988,2014,326,,0,PALI
637,Gujarat,GJ,S06,1,Panchmahal,820230,756434,1576667,512435,414555,926990,2014,118,,0,PANCHMAHAL
1445,Maharashtra,MH,S13,1,Parbhani,945901,857880,1803792,637677,523946,1161624,2014,240,,0,PARBHANI
532,Bihar,BH,S04,1,Paschim Champaran,769411,643703,1413148,469048,385593,854641,2014,60,,1,PASCHIM CHAMPARAN
453,Bihar,BH,S04,1,Pataliputra,934086,801923,1736074,553018,423797,976815,2014,89,,0,PATALIPUTRA
702,Gujarat,GJ,S06,1,Patan,846195,782446,1628641,525799,423880,949679,2014,103,,0,PATAN
1150,Kerala,KL,S11,1,Pathanamthitta,631495,692411,1323906,425887,444099,869986,2014,191,,1,PATHANAMTHITTA
1864,Punjab,PB,S19,1,Patiala,834231,746037,1580273,593609,527264,1120873,2014,311,,0,PATIALA
515,Bihar,BH,S04,1,Patna Sahib,1052278,893885,1946249,510480,369747,880227,2014,88,,0,PATNA SAHIB
116,Andhra Pradesh,AP,S01,1,Peddapalle,725765,699474,1425355,520741,500992,1021747,2014,2,,1,PEDDAPALLE
2121,Tamil Nadu,TN,S22,1,Perambalur,634391,651159,1285576,498647,528957,1027622,2014,362,,1,PERAMBALUR
2648,Uttar Pradesh,UP,S24,1,Phulpur,1063897,849194,1913275,541264,418152,959420,2014,429,,0,PHULPUR
2696,Uttar Pradesh,UP,S24,1,Pilibhit,903414,767687,1671154,586095,464229,1050342,2014,404,,0,PILIBHIT
2049,Tamil Nadu,TN,S22,1,Pollachi,686943,694524,1381505,513435,496880,1010321,2014,358,,1,POLLACHI
1091,Kerala,KL,S11,1,Ponnani,574106,606683,1180789,405012,466307,871319,2014,181,,1,PONNANI
676,Gujarat,GJ,S06,1,Porbandar,807383,731833,1539223,468592,335821,804415,2014,111,,0,PORBANDAR
2740,Uttar Pradesh,UP,S24,1,Pratapgarh,923411,792852,1716394,454891,437808,892732,2014,417,,0,PRATAPGARH
3257,Puducherry,PY,U07,2,Puducherry,432048,469289,901357,351544,388189,739750,2014,543,,1,PUDUCHERRY
1407,Maharashtra,MH,S13,1,Pune,949561,886266,1835835,533792,459588,993382,2014,257,,0,PUNE
1717,Odisha,OD,S18,1,Puri,742939,661592,1404581,568551,469388,1037939,2014,294,,1,PURI
568,Bihar,BH,S04,1,Purnia,826834,755758,1582626,511262,506106,1017368,2014,70,,0,PURNIA
2951,West Bengal,WB,S25,1,Purulia,764758,707169,1471933,627261,574047,1201309,2014,493,,1,PURULIA
385,Bihar,BH,S04,1,Purvi Champaran,779657,659560,1439253,442071,380577,822648,2014,61,,1,PURVI CHAMPARAN
2688,Uttar Pradesh,UP,S24,1,Rae Bareli,857875,737017,1594954,437762,387368,825130,2014,414,,0,RAE BARELI
975,Karnataka,KA,S10,1,Raichur,835969,825327,1661606,501122,467391,968513,2014,152,,0,RAICHUR
1586,Maharashtra,MH,S13,1,Raigad,752491,780290,1532781,485550,502232,987782,2014,255,,1,RAIGAD
2943,West Bengal,WB,S25,1,Raiganj,724014,663479,1387526,563566,543020,1106586,2014,463,,1,RAIGANJ
3025,Chhattisgarh,CT,S26,1,RAIGARH,819043,807906,1626949,631470,614665,1246135,2014,502,,0,RAIGARH
3020,Chhattisgarh,CT,S26,1,RAIPUR,979589,924588,1904460,659154,591606,1250760,2014,508,,0,RAIPUR
30,Andhra Pradesh,AP,S01,1,Rajahmundry,707152,714021,1421276,575432,574132,1149575,2014,25,,1,RAJAHMUNDRY
247,Andhra Pradesh,AP,S01,1,Rajampet,735613,752029,1487791,570991,582836,1153835,2014,41,,1,RAJAMPET
1290,Madhya Pradesh,MP,S12,1,RAJGARH,827021,751717,1578757,597753,412196,1009952,2014,214,,0,RAJGARH
695,Gujarat,GJ,S06,1,Rajkot,864760,790949,1655717,590854,461740,1052595,2014,110,,0,RAJKOT
3122,Jharkhand,JH,S27,1,Rajmahal,691403,662063,1353467,490824,460471,951295,2014,512,,1,RAJMAHAL
3002,Chhattisgarh,CT,S26,1,RAJNANDGAON,797477,793896,1591373,603428,574874,1178302,2014,506,,0,RAJNANDGAON
1902,Rajasthan,RJ,S20,1,Rajsamand,880398,820791,1701194,506425,471078,977503,2014,333,,0,RAJSAMAND
2107,Tamil Nadu,TN,S22,1,Ramanathapuram,731526,724382,1455988,465142,534167,999323,2014,372,,1,RAMANATHAPURAM
2520,Uttar Pradesh,UP,S24,1,Rampur,872075,744534,1616972,528149,430146,958303,2014,385,,0,RAMPUR
1520,Maharashtra,MH,S13,1,Ramtek,887228,790024,1677266,576271,473007,1049278,2014,232,,0,RAMTEK
2809,West Bengal,WB,S25,1,Ranaghat,831318,771515,1602849,691141,658049,1349190,2014,471,,0,RANAGHAT
3084,Jharkhand,JH,S27,1,Ranchi,868528,779930,1648459,562384,487221,1049605,2014,519,,0,RANCHI
1190,Madhya Pradesh,MP,S12,1,RATLAM,860924,841625,1702576,569214,511452,1080666,2014,218,,0,RATLAM
1494,Maharashtra,MH,S13,1,Ratnagiri - sindhudurg,665658,701697,1367362,444269,451748,896017,2014,269,,1,RATNAGIRI - SINDHUDURG
1604,Maharashtra,MH,S13,1,Raver,842701,750674,1593389,555229,455617,1010846,2014,227,,0,RAVER
1181,Madhya Pradesh,MP,S12,1,REWA,821800,722919,1544719,457628,372259,829887,2014,204,,0,REWA
2537,Uttar Pradesh,UP,S24,1,Robertsganj,901147,737885,1639074,498085,387542,885628,2014,458,,0,ROBERTSGANJ
803,Haryana,HR,S07,1,Rohtak,850127,717381,1567508,578206,465772,1043978,2014,133,,0,ROHTAK
606,Gujarat,GJ,S06,1,Sabarkantha,833521,782318,1615840,583583,502387,1085970,2014,105,,0,SABARKANTHA
1243,Madhya Pradesh,MP,S12,1,SAGAR,815511,704754,1520322,536897,354866,891772,2014,199,,1,SAGAR
2697,Uttar Pradesh,UP,S24,1,Saharanpur,873318,735452,1608833,652595,540479,1193086,2014,379,,0,SAHARANPUR
2105,Tamil Nadu,TN,S22,1,Salem,759981,738253,1498350,593293,555869,1149174,2014,352,,1,SALEM
2348,Uttar Pradesh,UP,S24,1,Salempur,904632,756980,1661737,450187,404269,854457,2014,449,,0,SALEMPUR
535,Bihar,BH,S04,1,Samastipur (SC),802420,702007,1504451,430782,432401,863183,2014,81,,1,SAMASTIPUR (SC)
1747,Odisha,OD,S18,1,Sambalpur,669036,627982,1297098,504240,476826,981068,2014,280,,1,SAMBALPUR
2684,Uttar Pradesh,UP,S24,1,Sambhal,931603,761516,1693229,599491,456319,1055817,2014,386,,0,SAMBHAL
1491,Maharashtra,MH,S13,1,Sangli,861582,787493,1649107,556695,486169,1042869,2014,267,,0,SANGLI
1807,Punjab,PB,S19,1,Sangrur,758197,666535,1424743,583555,516181,1099736,2014,310,,1,SANGRUR
2544,Uttar Pradesh,UP,S24,1,Sant Kabir Nagar,1045424,858808,1904315,521201,490916,1012117,2014,440,,0,SANT KABIR NAGAR
490,Bihar,BH,S04,1,Saran,832441,706266,1538740,450511,411954,862465,2014,78,,0,SARAN
3060,Chhattisgarh,CT,S26,1,SARGUJA,771106,751862,1523022,610812,576493,1187305,2014,501,,1,SARGUJA
557,Bihar,BH,S04,1,Sasaram (SC) ,859397,748291,1607747,448672,397016,845688,2014,92,,0,SASARAM (SC) 
1606,Maharashtra,MH,S13,1,Satara,883947,836051,1719998,519148,456561,975709,2014,268,,0,SATARA
1204,Madhya Pradesh,MP,S12,1,SATNA,772234,686123,1458381,499873,413407,913280,2014,203,,1,SATNA
28,Andhra Pradesh,AP,S01,1,Secundrabad,1012740,880779,1893741,546289,457397,1003689,2014,8,,0,SECUNDRABAD
1240,Madhya Pradesh,MP,S12,1,SHAHDOL,806746,754219,1561016,527809,440179,967988,2014,206,,0,SHAHDOL
2331,Uttar Pradesh,UP,S24,1,Shahjahanpur ,1100020,879139,1979294,663380,464707,1128087,2014,405,,0,SHAHJAHANPUR 
437,Bihar,BH,S04,1,Sheohar,792374,693355,1485801,433327,409336,842663,2014,62,,1,SHEOHAR
1649,Meghalaya,ML,S15,2,Shillong,480409,500331,980740,292971,326895,619866,2014,274,,1,SHILLONG
830,Himachal Pradesh,HP,S08,2,Shimla,607137,546225,1153363,403062,333715,736777,2014,140,,1,SHIMLA
947,Karnataka,KA,S10,1,Shimoga,778782,783379,1562243,572307,556790,1129107,2014,160,,0,SHIMOGA
1594,Maharashtra,MH,S13,1,Shirdi,768181,694085,1462267,519824,412130,931954,2014,261,,1,SHIRDI
1406,Maharashtra,MH,S13,1,Shirur,973132,850960,1824112,613290,475412,1088702,2014,259,,0,SHIRUR
2578,Uttar Pradesh,UP,S24,1,Shrawasti,976415,811613,1788080,559351,420598,979951,2014,436,,0,SHRAWASTI
1226,Madhya Pradesh,MP,S12,1,SIDHI,915799,820208,1736048,547499,441120,988619,2014,205,,0,SIDHI
1977,Rajasthan,RJ,S20,1,Sikar,943691,826191,1769882,552960,507618,1060578,2014,316,,0,SIKAR
2018,Sikkim,SK,S21,2,Sikkim,191017,179753,370770,153370,146197,299567,2014,337,,1,SIKKIM
316,Assam,AS,S03,1,Silchar,554540,505558,1060175,428972,370918,799890,2014,46,,1,SILCHAR
3130,Jharkhand,JH,S27,1,Singhbhum,583330,569300,1152632,403571,391653,795224,2014,521,,1,SINGHBHUM
769,Haryana,HR,S07,1,Sirsa,886303,774254,1660557,692765,586098,1278863,2014,129,,0,SIRSA
539,Bihar,BH,S04,1,Sitamarhi,832370,742498,1574914,448849,451628,900477,2014,63,,0,SITAMARHI
2496,Uttar Pradesh,UP,S24,1,Sitapur,838148,712053,1550263,581709,444625,1026334,2014,408,,0,SITAPUR
2165,Tamil Nadu,TN,S22,1,Sivaganga,704489,707884,1412373,474734,551559,1026293,2014,368,,1,SIVAGANGA
395,Bihar,BH,S04,1,Siwan,841735,722100,1563860,443827,440178,884005,2014,76,,0,SIWAN
1368,Maharashtra,MH,S13,1,Solapur,893734,808990,1702739,526695,423356,950051,2014,265,,0,SOLAPUR
766,Haryana,HR,S07,1,Sonipat,777824,639364,1417188,551189,434412,985601,2014,132,,1,SONIPAT
3245,NCT OF Delhi,DL,U05,2,SOUTH DELHI,1005299,747322,1752748,639042,462222,1101277,2014,541,,0,SOUTH DELHI
595,Goa,GA,S05,2,South Goa,272438,272898,545336,195128,214329,409457,2014,100,,1,SOUTH GOA
2930,West Bengal,WB,S25,1,Srerampur,847931,776093,1624038,680999,608386,1289387,2014,485,,0,SRERAMPUR
24,Andhra Pradesh,AP,S01,1,Srikakulam,706347,707248,1413726,503114,543763,1046877,2014,19,,1,SRIKAKULAM
856,Jammu & Kashmir,JK,S09,2,Srinagar,631520,575702,1207230,178779,133429,312208,2014,142,,1,SRINAGAR
2055,Tamil Nadu,TN,S22,1,Sriperumbudur,982862,963377,1946503,665892,620230,1286127,2014,342,,0,SRIPERUMBUDUR
2316,Uttar Pradesh,UP,S24,1,Sultanpur,910134,793521,1703698,499563,465648,965211,2014,416,,0,SULTANPUR
1664,Odisha,OD,S18,1,Sundargarh,718689,691817,1410532,515013,493933,1008946,2014,279,,1,SUNDARGARH
581,Bihar,BH,S04,1,Supaul,797373,728185,1525583,468476,502044,970520,2014,66,,1,SUPAUL
622,Gujarat,GJ,S06,1,Surat,803829,680212,1484068,538576,407928,946507,2014,124,,1,SURAT
613,Gujarat,GJ,S06,1,Surendranagar,877745,778910,1656657,539246,399328,938575,2014,109,,0,SURENDRANAGAR
2939,West Bengal,WB,S25,1,Tamluk,796779,730482,1527273,684160,650897,1335058,2014,488,,1,TAMLUK
3164,Uttarakhand,UK,S28,2,Tehri Garhwal ,711671,640943,1352614,400041,370827,770868,2014,526,,1,TEHRI GARHWAL 
2144,Tamil Nadu,TN,S22,1,Tenkasi,688958,693084,1382081,489624,525986,1015613,2014,374,,1,TENKASI
301,Assam,AS,S03,1,Tezpur,654866,604702,1259568,505481,475043,980524,2014,53,,1,TEZPUR
1564,Maharashtra,MH,S13,1,Thane,1141737,931467,2073251,590956,462684,1053658,2014,248,,0,THANE
2125,Tamil Nadu,TN,S22,1,Thanjavur,662571,677465,1340050,480904,528697,1009604,2014,367,,1,THANJAVUR
2054,Tamil Nadu,TN,S22,1,Theni,720709,720492,1441302,528940,546154,1075107,2014,370,,1,THENI
2022,Tamil Nadu,TN,S22,1,Thiruvallur,852794,849777,1702833,644387,609702,1254112,2014,338,,0,THIRUVALLUR
1080,Kerala,KL,S11,1,Thiruvananthapuram,614438,658310,1272748,433243,437404,870647,2014,194,,1,THIRUVANANTHAPURAM
2077,Tamil Nadu,TN,S22,1,Thoothukkudi ,651207,659197,1310406,448396,466414,914811,2014,373,,1,THOOTHUKKUDI 
1108,Kerala,KL,S11,1,Thrissur,606518,668770,1275288,433933,485624,919557,2014,184,,1,THRISSUR
1178,Madhya Pradesh,MP,S12,1,TIKAMGARH,820670,708167,1528863,466852,299542,766398,2014,200,,1,TIKAMGARH
2115,Tamil Nadu,TN,S22,1,Tiruchirappalli,689228,697829,1387140,490711,494904,985655,2014,361,,1,TIRUCHIRAPPALLI
2052,Tamil Nadu,TN,S22,1,Tirunelveli,705592,714823,1420435,468701,492310,961013,2014,375,,1,TIRUNELVELI
107,Andhra Pradesh,AP,S01,1,Tirupati,778507,795485,1574161,602087,605328,1207418,2014,40,,0,TIRUPATI
2069,Tamil Nadu,TN,S22,1,Tiruppur,697730,677801,1375589,543168,505372,1048544,2014,355,,1,TIRUPPUR
2171,Tamil Nadu,TN,S22,1,Tiruvannamalai,675321,677622,1352966,527265,536809,1064076,2014,348,,1,TIRUVANNAMALAI
1921,Rajasthan,RJ,S20,1,TONK-SAWAI MADHOPUR,910730,800045,1710775,583732,459375,1043107,2014,323,,0,TONK-SAWAI MADHOPUR
2263,Tripura,TR,S23,2,Tripura East,581604,558672,1140276,486129,459313,945442,2014,378,,1,TRIPURA EAST
2264,Tripura,TR,S23,2,Tripura West,635974,612572,1248546,543278,523020,1066298,2014,377,,1,TRIPURA WEST
1021,Karnataka,KA,S10,1,Tumkur,764561,753839,1518518,565126,535597,1100735,2014,165,,1,TUMKUR
1647,Meghalaya,ML,S15,2,Tura,297230,289271,586501,232357,225763,458120,2014,275,,1,TURA
1988,Rajasthan,RJ,S20,1,Udaipur,930007,887933,1817940,599307,589859,1189166,2014,330,,0,UDAIPUR
865,Jammu & Kashmir,JK,S09,2,Udhampur,787637,681434,1469072,556791,484338,1041130,2014,145,,1,UDHAMPUR
956,Karnataka,KA,S10,1,Udupi Chikmagalur,679285,707947,1387294,510562,522488,1033051,2014,161,,1,UDUPI CHIKMAGALUR
407,Bihar,BH,S04,1,Ujiarpur,764186,662004,1426217,433858,425047,858905,2014,80,,1,UJIARPUR
1194,Madhya Pradesh,MP,S12,1,UJJAIN,790889,734560,1525481,571019,444831,1015857,2014,216,,1,UJJAIN
2974,West Bengal,WB,S25,1,Uluberia,761951,686678,1448632,629091,557334,1186425,2014,484,,1,ULUBERIA
2664,Uttar Pradesh,UP,S24,1,Unnao,1194394,969919,2164392,673666,526266,1199936,2014,411,,0,UNNAO
928,Karnataka,KA,S10,1,Uttara Kannada,742865,707704,1450599,521220,479217,1000437,2014,158,,1,UTTARA KANNADA
1084,Kerala,KL,S11,1,Vadakara,561168,621336,1182504,436972,520810,957782,2014,177,,1,VADAKARA
688,Gujarat,GJ,S06,1,Vadodara,849077,789218,1638321,621926,533715,1155656,2014,120,,0,VADODARA
533,Bihar,BH,S04,1,Vaishali,841773,724500,1566321,480759,445167,925926,2014,74,,0,VAISHALI
531,Bihar,BH,S04,1,Valmiki Nagar ,786312,670236,1456598,484433,415396,899838,2014,59,,1,VALMIKI NAGAR 
730,Gujarat,GJ,S06,1,Valsad,775073,736988,1512061,580599,538185,1118784,2014,126,,1,VALSAD
2269,Uttar Pradesh,UP,S24,1,Varanasi,985395,781000,1766487,593071,436735,1029816,2014,455,,0,VARANASI
2238,Tamil Nadu,TN,S22,1,Vellore,652066,660173,1312259,483341,490341,973687,2014,345,,1,VELLORE
1229,Madhya Pradesh,MP,S12,1,VIDISHA,872100,761915,1634039,619102,453345,1072447,2014,212,,0,VIDISHA
157,Andhra Pradesh,AP,S01,1,Vijayawada,781179,783169,1564513,599506,589998,1189514,2014,29,,0,VIJAYAWADA
2130,Tamil Nadu,TN,S22,1,Viluppuram,694932,691942,1387007,535359,528788,1064158,2014,350,,1,VILUPPURAM
2236,Tamil Nadu,TN,S22,1,Virudhunagar ,669589,680818,1350495,496203,512880,1009119,2014,371,,1,VIRUDHUNAGAR 
130,Andhra Pradesh,AP,S01,1,Visakhapatnam,874909,847941,1723011,583232,576946,1160178,2014,21,,0,VISAKHAPATNAM
133,Andhra Pradesh,AP,S01,1,Vizianagaram ,700639,702984,1403736,554616,564891,1119507,2014,20,,1,VIZIANAGARAM 
159,Andhra Pradesh,AP,S01,1,Warangal,771760,765862,1537778,590443,580206,1170723,2014,15,,0,WARANGAL
1573,Maharashtra,MH,S13,1,Wardha,817514,747024,1564552,553504,458674,1012178,2014,231,,0,WARDHA
1113,Kerala,KL,S11,1,Wayanad,614822,634598,1249420,454055,460171,914226,2014,178,,1,WAYANAD
3222,NCT OF Delhi,DL,U05,2,WEST DELHI,1108886,930409,2039410,742213,603424,1345645,2014,540,,0,WEST DELHI
1546,Maharashtra,MH,S13,1,Yavatmal-Washim,921276,834010,1755292,564176,467163,1031339,2014,237,,0,YAVATMAL-WASHIM
55,Andhra Pradesh,AP,S01,1,Zahirabad,717891,727389,1445354,546010,546798,1092808,2014,5,,1,ZAHIRABAD
