,StateName,stateabb,ST_CODE,bigstate,PCNAME,m_electors,f_electors,t_electors,m_voters,f_voters,t_voters,year,n,L,Representation
5,Andhra Pradesh,AP,S01,1,Nagarkurnool ,745050,732104,1477305,569056.0,537781.0,1106865,2014,12,,1
7,Andhra Pradesh,AP,S01,1,Guntur,773037,798804,1572017,613894.0,623668.0,1237579,2014,30,,0
23,Andhra Pradesh,AP,S01,1,Bapatla,686494,706353,1392964,583921.0,594010.0,1177932,2014,32,,1
24,Andhra Pradesh,AP,S01,1,Srikakulam,706347,707248,1413726,503114.0,543763.0,1046877,2014,19,,1
28,Andhra Pradesh,AP,S01,1,Secundrabad,1012740,880779,1893741,546289.0,457397.0,1003689,2014,8,,0
30,Andhra Pradesh,AP,S01,1,Rajahmundry,707152,714021,1421276,575432.0,574132.0,1149575,2014,25,,1
38,Andhra Pradesh,AP,S01,1,Mahbubnagar ,713064,705447,1418668,509912.0,499391.0,1009304,2014,11,,1
53,Andhra Pradesh,AP,S01,1,Bhongir,756965,735217,1492240,620408.0,588076.0,1208493,2014,14,,1
55,Andhra Pradesh,AP,S01,1,Zahirabad,717891,727389,1445354,546010.0,546798.0,1092808,2014,5,,1
70,Andhra Pradesh,AP,S01,1,Nellore,796823,809115,1606127,589353.0,590606.0,1179968,2014,39,,0
82,Andhra Pradesh,AP,S01,1,Chittoor,723865,727853,1451851,595000.0,597153.0,1192153,2014,42,,1
83,Andhra Pradesh,AP,S01,1,Aruku,622101,650158,1272340,450038.0,456802.0,906864,2014,18,,1
84,Andhra Pradesh,AP,S01,1,Ongole,736216,733891,1470212,597957.0,599889.0,1197855,2014,33,,1
86,Andhra Pradesh,AP,S01,1,Adilabad,687421,698717,1386282,518481.0,525482.0,1043965,2014,1,,1
105,Andhra Pradesh,AP,S01,1,Karimnagar,777440,773291,1550810,550760.0,569382.0,1120142,2014,3,,0
107,Andhra Pradesh,AP,S01,1,Tirupati,778507,795485,1574161,602087.0,605328.0,1207418,2014,40,,0
113,Andhra Pradesh,AP,S01,1,Nandyal,783126,793585,1576945,601303.0,599288.0,1200607,2014,34,,0
116,Andhra Pradesh,AP,S01,1,Peddapalle,725765,699474,1425355,520741.0,500992.0,1021747,2014,2,,1
117,Andhra Pradesh,AP,S01,1,Kurnool,738832,742805,1481791,543424.0,519253.0,1062680,2014,35,,1
127,Andhra Pradesh,AP,S01,1,Narsapuram,652598,672304,1325028,536507.0,546670.0,1083177,2014,26,,1
130,Andhra Pradesh,AP,S01,1,Visakhapatnam,874909,847941,1723011,583232.0,576946.0,1160178,2014,21,,0
133,Andhra Pradesh,AP,S01,1,Vizianagaram ,700639,702984,1403736,554616.0,564891.0,1119507,2014,20,,1
138,Andhra Pradesh,AP,S01,1,Anakapalli,689109,712301,1401474,561825.0,582294.0,1144120,2014,22,,1
149,Andhra Pradesh,AP,S01,1,Medak,775560,760532,1536166,605044.0,583040.0,1188084,2014,6,,0
153,Andhra Pradesh,AP,S01,1,Khammam,712310,727861,1440267,586887.0,592349.0,1179236,2014,17,,1
155,Andhra Pradesh,AP,S01,1,Kakinada,709103,709050,1418290,555263.0,538635.0,1093933,2014,23,,1
156,Andhra Pradesh,AP,S01,1,Narasaraopet,748474,766262,1514861,635270.0,640887.0,1276157,2014,31,,1
157,Andhra Pradesh,AP,S01,1,Vijayawada,781179,783169,1564513,599506.0,589998.0,1189514,2014,29,,0
159,Andhra Pradesh,AP,S01,1,Warangal,771760,765862,1537778,590443.0,580206.0,1170723,2014,15,,0
176,Andhra Pradesh,AP,S01,1,Mahabubabad,688341,698868,1387288,560443.0,560406.0,1120853,2014,16,,1
180,Andhra Pradesh,AP,S01,1,Nalgonda,746042,748256,1494343,597237.0,583448.0,1180687,2014,13,,1
186,Andhra Pradesh,AP,S01,1,CHELVELLA,1153061,1031897,2185164,695012.0,617108.0,1312120,2014,10,,0
190,Andhra Pradesh,AP,S01,1,Hyderabad,960480,862516,1823217,525811.0,445415.0,971226,2014,9,,0
191,Andhra Pradesh,AP,S01,1,Hindupur,734674,711755,1446496,598591.0,572192.0,1170783,2014,37,,1
200,Andhra Pradesh,AP,S01,1,Malkajgiri,1723261,1459417,3183083,877156.0,741285.0,1618441,2014,7,,0
202,Andhra Pradesh,AP,S01,1,Nizamabad,724523,771586,1496193,467172.0,559329.0,1026505,2014,4,,1
204,Andhra Pradesh,AP,S01,1,Kadapa,764947,785380,1550440,583320.0,606195.0,1189516,2014,38,,0
212,Andhra Pradesh,AP,S01,1,Eluru,706952,720738,1427764,600526.0,594189.0,1194720,2014,27,,1
225,Andhra Pradesh,AP,S01,1,Amalapuram,682606,675208,1357865,565013.0,548900.0,1113914,2014,24,,1
227,Andhra Pradesh,AP,S01,1,Anantapur,775506,761243,1536894,612936.0,592912.0,1205849,2014,36,,0
245,Andhra Pradesh,AP,S01,1,Machilipatnam,675783,693423,1369311,564406.0,569695.0,1134104,2014,28,,1
247,Andhra Pradesh,AP,S01,1,Rajampet,735613,752029,1487791,570991.0,582836.0,1153835,2014,41,,1
258,Arunachal Pradesh,AR,S02,2,ARUNACHAL WEST,219415,227225,446640,155623.0,170663.0,326286,2014,43,,1
260,Arunachal Pradesh,AR,S02,2,ARUNACHAL EAST,160151,152553,312704,126888.0,128574.0,255462,2014,44,,1
291,Assam,AS,S03,1,Kaliabor,752695,704524,1457219,605354.0,561208.0,1166562,2014,55,,1
292,Assam,AS,S03,1,Kokrajhar,776151,729307,1505472,636473.0,587031.0,1223504,2014,49,,1
300,Assam,AS,S03,1,Barpeta,755566,674622,1430188,634466.0,571414.0,1205880,2014,50,,1
301,Assam,AS,S03,1,Tezpur,654866,604702,1259568,505481.0,475043.0,980524,2014,53,,1
314,Assam,AS,S03,1,Jorhat,611283,578203,1189486,483784.0,447088.0,930872,2014,56,,1
316,Assam,AS,S03,1,Silchar,554540,505558,1060175,428972.0,370918.0,799890,2014,46,,1
319,Assam,AS,S03,1,Lakhimpur,735340,695740,1431080,572467.0,539555.0,1112022,2014,58,,1
327,Assam,AS,S03,1,Dhubri,797235,752931,1550166,709038.0,660085.0,1369123,2014,48,,0
333,Assam,AS,S03,1,Autonomous District,359058,343172,702230,279451.0,263869.0,543320,2014,47,,1
334,Assam,AS,S03,1,Gauhati,988067,934203,1922270,784535.0,727081.0,1511616,2014,51,,0
335,Assam,AS,S03,1,Nowgong,792425,731446,1523881,639499.0,590545.0,1230044,2014,54,,1
336,Assam,AS,S03,1,Mangaldoi,791539,724137,1515676,651247.0,581802.0,1233049,2014,52,,1
339,Assam,AS,S03,1,Dibrugarh,579658,544647,1124305,462187.0,428637.0,890824,2014,57,,1
342,Assam,AS,S03,1,Karimganj,615198,550799,1165997,481673.0,404641.0,886314,2014,45,,1
351,Bihar,BH,S04,1,Munger,937897,782040,1719984,505931.0,408329.0,914268,2014,86,,0
361,Bihar,BH,S04,1,Karakat,849474,730224,1580558,457406.0,332394.0,789800,2014,93,,0
385,Bihar,BH,S04,1,Purvi Champaran,779657,659560,1439253,442071.0,380577.0,822648,2014,61,,1
391,Bihar,BH,S04,1,Madhepura,899152,826507,1725693,508782.0,525869.0,1034651,2014,71,,0
394,Bihar,BH,S04,1,Araria,843076,744212,1587332,492513.0,483291.0,975804,2014,67,,0
395,Bihar,BH,S04,1,Siwan,841735,722100,1563860,443827.0,440178.0,884005,2014,76,,0
403,Bihar,BH,S04,1,Arrah,1016299,808210,1824515,517499.0,375555.0,893054,2014,90,,0
407,Bihar,BH,S04,1,Ujiarpur,764186,662004,1426217,433858.0,425047.0,858905,2014,80,,1
431,Bihar,BH,S04,1,Gopalganj (SC),871590,783212,1654838,444922.0,458639.0,903561,2014,75,,0
433,Bihar,BH,S04,1,Jamui (SC),828406,722499,1550936,415589.0,360008.0,775597,2014,98,,0
436,Bihar,BH,S04,1,Begusarai,949825,828874,1778759,545214.0,532151.0,1077365,2014,82,,0
437,Bihar,BH,S04,1,Sheohar,792374,693355,1485801,433327.0,409336.0,842663,2014,62,,1
453,Bihar,BH,S04,1,Pataliputra,934086,801923,1736074,553018.0,423797.0,976815,2014,89,,0
482,Bihar,BH,S04,1,Kishanganj,762874,676103,1438990,471096.0,457126.0,928222,2014,68,,1
487,Bihar,BH,S04,1,Nalanda,1036575,915392,1951967,503039.0,418609.0,921648,2014,87,,0
490,Bihar,BH,S04,1,Saran,832441,706266,1538740,450511.0,411954.0,862465,2014,78,,0
492,Bihar,BH,S04,1,Muzaffarpur,830943,720390,1551363,490949.0,457916.0,948865,2014,73,,0
493,Bihar,BH,S04,1,Darbhanga,797254,698177,1495445,407516.0,421741.0,829257,2014,72,,1
498,Bihar,BH,S04,1,Madhubani,878017,749809,1627832,413708.0,446640.0,860348,2014,64,,0
499,Bihar,BH,S04,1,Maharajganj,874822,767218,1642068,420232.0,426095.0,846327,2014,77,,0
500,Bihar,BH,S04,1,Jhanjharpur,895570,772835,1668405,450499.0,490640.0,941139,2014,65,,0
512,Bihar,BH,S04,1,Gaya (SC),799210,702311,1501521,442912.0,364010.0,806922,2014,96,,1
513,Bihar,BH,S04,1,Aurangabad,825574,710533,1536153,429944.0,355719.0,785663,2014,95,,0
514,Bihar,BH,S04,1,Khagaria,800786,705750,1506587,445941.0,450160.0,896101,2014,83,,1
515,Bihar,BH,S04,1,Patna Sahib,1052278,893885,1946249,510480.0,369747.0,880227,2014,88,,0
516,Bihar,BH,S04,1,Jahanabad,751585,671629,1423246,445501.0,365502.0,811003,2014,94,,1
522,Bihar,BH,S04,1,Katihar,769044,677392,1446478,495600.0,481934.0,977534,2014,69,,1
525,Bihar,BH,S04,1,Banka,824924,724490,1549456,461297.0,438021.0,899318,2014,85,,0
531,Bihar,BH,S04,1,Valmiki Nagar ,786312,670236,1456598,484433.0,415396.0,899838,2014,59,,1
532,Bihar,BH,S04,1,Paschim Champaran,769411,643703,1413148,469048.0,385593.0,854641,2014,60,,1
533,Bihar,BH,S04,1,Vaishali,841773,724500,1566321,480759.0,445167.0,925926,2014,74,,0
535,Bihar,BH,S04,1,Samastipur (SC),802420,702007,1504451,430782.0,432401.0,863183,2014,81,,1
536,Bihar,BH,S04,1,Bhagalpur,895185,790098,1685339,522417.0,451535.0,973953,2014,84,,0
539,Bihar,BH,S04,1,Sitamarhi,832370,742498,1574914,448849.0,451628.0,900477,2014,63,,0
548,Bihar,BH,S04,1,Buxar,877699,762929,1640671,494435.0,394512.0,888947,2014,91,,0
557,Bihar,BH,S04,1,Sasaram (SC) ,859397,748291,1607747,448672.0,397016.0,845688,2014,92,,0
567,Bihar,BH,S04,1,Nawada,897821,797019,1694895,478247.0,406136.0,884383,2014,97,,0
568,Bihar,BH,S04,1,Purnia,826834,755758,1582626,511262.0,506106.0,1017368,2014,70,,0
572,Bihar,BH,S04,1,Hajipur (SC),895047,754452,1649547,478157.0,425876.0,904033,2014,79,,0
581,Bihar,BH,S04,1,Supaul,797373,728185,1525583,468476.0,502044.0,970520,2014,66,,1
594,Goa,GA,S05,2,North Goa,255870,259571,515441,199489.0,205701.0,405190,2014,99,,1
595,Goa,GA,S05,2,South Goa,272438,272898,545336,195128.0,214329.0,409457,2014,100,,1
606,Gujarat,GJ,S06,1,Sabarkantha,833521,782318,1615840,583583.0,502387.0,1085970,2014,105,,0
613,Gujarat,GJ,S06,1,Surendranagar,877745,778910,1656657,539246.0,399328.0,938575,2014,109,,0
622,Gujarat,GJ,S06,1,Surat,803829,680212,1484068,538576.0,407928.0,946507,2014,124,,1
629,Gujarat,GJ,S06,1,Amreli,777662,708624,1486286,455668.0,349837.0,805505,2014,114,,1
637,Gujarat,GJ,S06,1,Panchmahal,820230,756434,1576667,512435.0,414555.0,926990,2014,118,,0
640,Gujarat,GJ,S06,1,Banaskantha,796124,719587,1515711,511698.0,371518.0,883216,2014,102,,1
641,Gujarat,GJ,S06,1,Bharuch,734862,682658,1417548,562549.0,493760.0,1056319,2014,122,,1
656,Gujarat,GJ,S06,1,Chhota Udaipur,798160,738143,1536305,590131.0,504411.0,1094542,2014,121,,0
659,Gujarat,GJ,S06,1,Bhavnagar,834571,759936,1594531,516968.0,396013.0,912992,2014,115,,0
660,Gujarat,GJ,S06,1,Kachchh,806343,727439,1533782,519100.0,423463.0,942563,2014,101,,1
676,Gujarat,GJ,S06,1,Porbandar,807383,731833,1539223,468592.0,335821.0,804415,2014,111,,0
687,Gujarat,GJ,S06,1,Kheda,833232,766227,1599476,540239.0,411083.0,951323,2014,117,,0
688,Gujarat,GJ,S06,1,Vadodara,849077,789218,1638321,621926.0,533715.0,1155656,2014,120,,0
695,Gujarat,GJ,S06,1,Rajkot,864760,790949,1655717,590854.0,461740.0,1052595,2014,110,,0
702,Gujarat,GJ,S06,1,Patan,846195,782446,1628641,525799.0,423880.0,949679,2014,103,,0
704,Gujarat,GJ,S06,1,Ahmedabad West,800933,733462,1534400,531702.0,428771.0,960475,2014,108,,1
705,Gujarat,GJ,S06,1,Ahmedabad East,852765,749057,1601832,557279.0,422980.0,980265,2014,107,,0
708,Gujarat,GJ,S06,1,Jamnagar,771003,699937,1470952,484080.0,364974.0,849055,2014,112,,1
709,Gujarat,GJ,S06,1,Junagadh,772017,713524,1485543,513928.0,423553.0,937481,2014,113,,1
715,Gujarat,GJ,S06,1,Bardoli,829648,784448,1614106,636398.0,567973.0,1204371,2014,123,,0
721,Gujarat,GJ,S06,1,Dahod,712183,699578,1411765,466791.0,428519.0,895311,2014,119,,1
722,Gujarat,GJ,S06,1,Mahesana,777821,720375,1498219,541116.0,456612.0,997735,2014,104,,1
730,Gujarat,GJ,S06,1,Valsad,775073,736988,1512061,580599.0,538185.0,1118784,2014,126,,1
735,Gujarat,GJ,S06,1,Anand,781118,715737,1496859,539236.0,427943.0,967179,2014,116,,1
738,Gujarat,GJ,S06,1,Gandhinagar,900744,833210,1733972,617164.0,511490.0,1128656,2014,106,,0
750,Gujarat,GJ,S06,1,Navsari,972090,792480,1764622,644265.0,512736.0,1157014,2014,125,,0
762,Haryana,HR,S07,1,Bhiwani-Mahendragarh,792166,681746,1473912,559428.0,470289.0,1029717,2014,134,,1
766,Haryana,HR,S07,1,Sonipat,777824,639364,1417188,551189.0,434412.0,985601,2014,132,,1
769,Haryana,HR,S07,1,Sirsa,886303,774254,1660557,692765.0,586098.0,1278863,2014,129,,0
770,Haryana,HR,S07,1,Karnal,913321,771000,1684321,666729.0,526629.0,1193358,2014,131,,0
789,Haryana,HR,S07,1,Gurgaon,984370,860536,1844906,727100.0,593187.0,1320287,2014,135,,0
790,Haryana,HR,S07,1,Ambala,909641,782783,1692424,667712.0,551882.0,1219594,2014,127,,0
791,Haryana,HR,S07,1,Hisar,825688,691918,1517606,637448.0,518049.0,1155497,2014,130,,1
795,Haryana,HR,S07,1,Kurukshetra,807700,690759,1498459,618481.0,517170.0,1135651,2014,128,,1
796,Haryana,HR,S07,1,Faridabad,969407,770945,1740352,651241.0,479430.0,1130671,2014,136,,0
803,Haryana,HR,S07,1,Rohtak,850127,717381,1567508,578206.0,465772.0,1043978,2014,133,,0
827,Himachal Pradesh,HP,S08,2,Hamirpur,633572,614126,1247699,394620.0,438467.0,833087,2014,139,,1
830,Himachal Pradesh,HP,S08,2,Shimla,607137,546225,1153363,403062.0,333715.0,736777,2014,140,,1
835,Himachal Pradesh,HP,S08,2,Mandi,587833,562575,1150408,377093.0,347977.0,725070,2014,138,,1
838,Himachal Pradesh,HP,S08,2,Kangra,645888,612713,1258601,389575.0,408414.0,797989,2014,137,,1
841,Jammu & Kashmir,JK,S09,2,Jammu,977308,870834,1848155,665098.0,587601.0,1252699,2014,146,,0
854,Jammu & Kashmir,JK,S09,2,Baramulla,624014,566724,1190766,256288.0,209691.0,465979,2014,141,,1
856,Jammu & Kashmir,JK,S09,2,Srinagar,631520,575702,1207230,178779.0,133429.0,312208,2014,142,,1
857,Jammu & Kashmir,JK,S09,2,Anantnag,685000,616104,1301143,211595.0,163643.0,375238,2014,143,,1
865,Jammu & Kashmir,JK,S09,2,Udhampur,787637,681434,1469072,556791.0,484338.0,1041130,2014,145,,1
869,Jammu & Kashmir,JK,S09,2,Ladakh,86256,80503,166763,57162.0,60002.0,117164,2014,144,,1
890,Karnataka,KA,S10,1,Davanagere,772126,750480,1522712,581109.0,533385.0,1114494,2014,159,,1
891,Karnataka,KA,S10,1,Bangalore North,1260356,1140751,2401472,720898.0,634569.0,1355485,2014,170,,0
892,Karnataka,KA,S10,1,Bijapur,847815,774643,1622635,521090.0,445637.0,966734,2014,150,,0
901,Karnataka,KA,S10,1,Chikkodi,746023,696120,1442206,564052.0,506614.0,1070668,2014,147,,1
904,Karnataka,KA,S10,1,Chitradurga,844869,816317,1661277,572567.0,524303.0,1096871,2014,164,,0
905,Karnataka,KA,S10,1,Dakshina Kannada,774454,790765,1565219,595446.0,611674.0,1207120,2014,163,,0
917,Karnataka,KA,S10,1,Mysore,867893,855100,1723134,596311.0,561022.0,1157346,2014,167,,0
920,Karnataka,KA,S10,1,Chamarajanagar,789384,766336,1555781,585063.0,547426.0,1132497,2014,168,,0
928,Karnataka,KA,S10,1,Uttara Kannada,742865,707704,1450599,521220.0,479217.0,1000437,2014,158,,1
941,Karnataka,KA,S10,1,Chikkballapur ,843790,814500,1658410,652727.0,608718.0,1261451,2014,173,,0
947,Karnataka,KA,S10,1,Shimoga,778782,783379,1562243,572307.0,556790.0,1129107,2014,160,,0
950,Karnataka,KA,S10,1,Dharwad,808768,769269,1578125,562867.0,477563.0,1040430,2014,157,,0
956,Karnataka,KA,S10,1,Udupi Chikmagalur,679285,707947,1387294,510562.0,522488.0,1033051,2014,161,,1
957,Karnataka,KA,S10,1,Koppal,770316,764694,1535105,526117.0,480597.0,1006716,2014,154,,1
958,Karnataka,KA,S10,1,Kolar,755450,737386,1492977,581924.0,544042.0,1125973,2014,174,,1
962,Karnataka,KA,S10,1,Bangalore South,1050737,947667,1998724,596688.0,516207.0,1112914,2014,172,,0
969,Karnataka,KA,S10,1,Mandya,839052,830121,1669262,604491.0,587306.0,1191805,2014,166,,0
975,Karnataka,KA,S10,1,Raichur,835969,825327,1661606,501122.0,467391.0,968513,2014,152,,0
978,Karnataka,KA,S10,1,Belgaum,807485,773259,1580895,569642.0,508074.0,1077716,2014,148,,0
980,Karnataka,KA,S10,1,Hassan,789847,771551,1561486,585749.0,560755.0,1146508,2014,162,,0
986,Karnataka,KA,S10,1,Bellary,750789,737003,1487945,541905.0,503534.0,1045448,2014,155,,1
988,Karnataka,KA,S10,1,Bidar,839154,761738,1600962,508036.0,454615.0,962652,2014,153,,0
989,Karnataka,KA,S10,1,Bangalore central,1010478,920679,1931456,573657.0,500273.0,1073957,2014,171,,0
991,Karnataka,KA,S10,1,Gulbarga,878311,843454,1721990,522778.0,474347.0,997125,2014,151,,0
995,Karnataka,KA,S10,1,Bagalkot,793354,775172,1568633,561494.0,517311.0,1078805,2014,149,,0
1021,Karnataka,KA,S10,1,Tumkur,764561,753839,1518518,565126.0,535597.0,1100735,2014,165,,1
1035,Karnataka,KA,S10,1,Haveri,807076,751596,1558749,594946.0,520512.0,1115458,2014,156,,0
1036,Karnataka,KA,S10,1,Bangalore Rural,1135853,1054284,2190398,758651.0,696340.0,1455003,2014,169,,0
1072,Kerala,KL,S11,1,Kozhikode,571709,610775,1182484,456299.0,484028.0,940327,2014,179,,1
1077,Kerala,KL,S11,1,Ernakulam,565836,590656,1156492,428604.0,421361.0,849965,2014,186,,1
1080,Kerala,KL,S11,1,Thiruvananthapuram,614438,658310,1272748,433243.0,437404.0,870647,2014,194,,1
1082,Kerala,KL,S11,1,Attingal,575780,675618,1251398,394491.0,462016.0,856507,2014,193,,1
1084,Kerala,KL,S11,1,Vadakara,561168,621336,1182504,436972.0,520810.0,957782,2014,177,,1
1085,Kerala,KL,S11,1,Kottayam,573572,587893,1161465,426604.0,404356.0,830960,2014,188,,1
1088,Kerala,KL,S11,1,Alappuzha,611877,659447,1271324,477034.0,517975.0,995009,2014,189,,1
1090,Kerala,KL,S11,1,Kannur,548454,621812,1170266,438891.0,506993.0,945884,2014,176,,1
1091,Kerala,KL,S11,1,Ponnani,574106,606683,1180789,405012.0,466307.0,871319,2014,181,,1
1108,Kerala,KL,S11,1,Thrissur,606518,668770,1275288,433933.0,485624.0,919557,2014,184,,1
1113,Kerala,KL,S11,1,Wayanad,614822,634598,1249420,454055.0,460171.0,914226,2014,178,,1
1115,Kerala,KL,S11,1,Malappuram,598207,600237,1198444,415672.0,437264.0,852936,2014,180,,1
1121,Kerala,KL,S11,1,Idukki,578849,579886,1158735,424879.0,394103.0,818982,2014,187,,1
1125,Kerala,KL,S11,1,Palakkad,587366,621360,1208726,444249.0,465167.0,909416,2014,182,,1
1129,Kerala,KL,S11,1,Kollam,575296,644119,1219415,406898.0,469024.0,875922,2014,192,,1
1131,Kerala,KL,S11,1,Kasaragod,595047,648683,1243730,459280.0,514333.0,973613,2014,175,,1
1144,Kerala,KL,S11,1,Mavelikkara,592702,659966,1252668,416193.0,470987.0,887180,2014,190,,1
1150,Kerala,KL,S11,1,Pathanamthitta,631495,692411,1323906,425887.0,444099.0,869986,2014,191,,1
1156,Kerala,KL,S11,1,Alathur,591950,624401,1216351,452923.0,474384.0,927307,2014,183,,1
1161,Kerala,KL,S11,1,Chalakudy,565083,585414,1150497,437197.0,446915.0,884112,2014,185,,1
1164,Madhya Pradesh,MP,S12,1,DEWAS,843528,773563,1617111,653540.0,489442.0,1142982,2014,215,,0
1174,Madhya Pradesh,MP,S12,1,MANDSOUR,838141,788383,1626556,639978.0,520386.0,1160374,2014,217,,0
1175,Madhya Pradesh,MP,S12,1,GUNA,857327,748265,1605613,580802.0,394613.0,975415,2014,198,,0
1178,Madhya Pradesh,MP,S12,1,TIKAMGARH,820670,708167,1528863,466852.0,299542.0,766398,2014,200,,1
1181,Madhya Pradesh,MP,S12,1,REWA,821800,722919,1544719,457628.0,372259.0,829887,2014,204,,0
1184,Madhya Pradesh,MP,S12,1,DAMOH,882818,768760,1651614,558821.0,354514.0,913336,2014,201,,0
1190,Madhya Pradesh,MP,S12,1,RATLAM,860924,841625,1702576,569214.0,511452.0,1080666,2014,218,,0
1194,Madhya Pradesh,MP,S12,1,UJJAIN,790889,734560,1525481,571019.0,444831.0,1015857,2014,216,,1
1201,Madhya Pradesh,MP,S12,1,KHAJURAHO,907340,795472,1702833,517233.0,357041.0,874283,2014,202,,0
1204,Madhya Pradesh,MP,S12,1,SATNA,772234,686123,1458381,499873.0,413407.0,913280,2014,203,,1
1215,Madhya Pradesh,MP,S12,1,INDORE,1106595,1008635,2115303,736204.0,579670.0,1315896,2014,220,,0
1226,Madhya Pradesh,MP,S12,1,SIDHI,915799,820208,1736048,547499.0,441120.0,988619,2014,205,,0
1229,Madhya Pradesh,MP,S12,1,VIDISHA,872100,761915,1634039,619102.0,453345.0,1072447,2014,212,,0
1240,Madhya Pradesh,MP,S12,1,SHAHDOL,806746,754219,1561016,527809.0,440179.0,967988,2014,206,,0
1243,Madhya Pradesh,MP,S12,1,SAGAR,815511,704754,1520322,536897.0,354866.0,891772,2014,199,,1
1244,Madhya Pradesh,MP,S12,1,GWALIOR,1023937,852908,1876965,594606.0,395609.0,990230,2014,197,,0
1250,Madhya Pradesh,MP,S12,1,JABALPUR,898045,813502,1711621,558905.0,443227.0,1002132,2014,207,,0
1251,Madhya Pradesh,MP,S12,1,DHAR,858093,810302,1668441,586698.0,489232.0,1075930,2014,219,,0
1252,Madhya Pradesh,MP,S12,1,BALAGHAT,822670,807049,1629741,570388.0,540968.0,1111356,2014,209,,0
1262,Madhya Pradesh,MP,S12,1,MANDLA,926166,898514,1824702,641219.0,575693.0,1216914,2014,208,,0
1283,Madhya Pradesh,MP,S12,1,CHHINDWARA,722052,679956,1402038,584697.0,522618.0,1107315,2014,210,,1
1285,Madhya Pradesh,MP,S12,1,MORENA,938787,763635,1702457,538721.0,315516.0,854238,2014,195,,0
1290,Madhya Pradesh,MP,S12,1,RAJGARH,827021,751717,1578757,597753.0,412196.0,1009952,2014,214,,0
1311,Madhya Pradesh,MP,S12,1,HOSHANGABAD,835566,732614,1568206,593375.0,436990.0,1030365,2014,211,,0
1326,Madhya Pradesh,MP,S12,1,BHOPAL,1039153,918021,1957241,639634.0,490428.0,1130069,2014,213,,0
1329,Madhya Pradesh,MP,S12,1,BETUL,836846,770954,1607831,573928.0,473282.0,1047231,2014,223,,0
1330,Madhya Pradesh,MP,S12,1,BHIND,892173,707938,1600137,469662.0,259501.0,729163,2014,196,,0
1331,Madhya Pradesh,MP,S12,1,KHANDWA,912764,846610,1759417,677300.0,578287.0,1255596,2014,222,,0
1332,Madhya Pradesh,MP,S12,1,KHARGONE,866905,836341,1703272,613926.0,537792.0,1151722,2014,221,,0
1363,Maharashtra,MH,S13,1,Madha,912715,814603,1727322,594868.0,483305.0,1078173,2014,266,,0
1368,Maharashtra,MH,S13,1,Solapur,893734,808990,1702739,526695.0,423356.0,950051,2014,265,,0
1376,Maharashtra,MH,S13,1,Nanded,878520,808528,1687057,548032.0,462233.0,1010265,2014,239,,0
1390,Maharashtra,MH,S13,1,Mumbai North West,986704,788712,1775416,504202.0,393043.0,897245,2014,250,,0
1397,Maharashtra,MH,S13,1,Nashik,850699,743058,1593774,523318.0,412087.0,935405,2014,244,,0
1399,Maharashtra,MH,S13,1,Baramati,960395,853153,1813553,602117.0,463496.0,1065613,2014,258,,0
1406,Maharashtra,MH,S13,1,Shirur,973132,850960,1824112,613290.0,475412.0,1088702,2014,259,,0
1407,Maharashtra,MH,S13,1,Pune,949561,886266,1835835,533792.0,459588.0,993382,2014,257,,0
1408,Maharashtra,MH,S13,1,Jalgaon,909058,798886,1707969,550503.0,439312.0,989821,2014,226,,0
1413,Maharashtra,MH,S13,1,Jalna,866612,745444,1612056,595979.0,469547.0,1065526,2014,241,,0
1430,Maharashtra,MH,S13,1,Buldhana,844789,750643,1595435,535827.0,442565.0,978392,2014,228,,0
1445,Maharashtra,MH,S13,1,Parbhani,945901,857880,1803792,637677.0,523946.0,1161624,2014,240,,0
1459,Maharashtra,MH,S13,1,Nagpur,980485,920265,1900784,578754.0,504850.0,1083604,2014,233,,0
1460,Maharashtra,MH,S13,1,Mumbai North central,967468,769592,1737084,472010.0,372857.0,844867,2014,252,,0
1467,Maharashtra,MH,S13,1,Osmanabad,934227,824943,1759186,611537.0,505020.0,1116572,2014,263,,0
1475,Maharashtra,MH,S13,1,Hatkanangle,850721,779846,1630604,630470.0,556249.0,1186727,2014,271,,0
1481,Maharashtra,MH,S13,1,Amravati,848217,764503,1612739,554649.0,446414.0,1001063,2014,230,,0
1484,Maharashtra,MH,S13,1,Maval,1035961,917770,1953741,646904.0,527044.0,1173949,2014,256,,0
1487,Maharashtra,MH,S13,1,Akola,882014,790609,1672643,543956.0,433633.0,977589,2014,229,,0
1491,Maharashtra,MH,S13,1,Sangli,861582,787493,1649107,556695.0,486169.0,1042869,2014,267,,0
1494,Maharashtra,MH,S13,1,Ratnagiri - sindhudurg,665658,701697,1367362,444269.0,451748.0,896017,2014,269,,1
1495,Maharashtra,MH,S13,1,Ahmadnagar,902928,802016,1705005,594749.0,465801.0,1060551,2014,260,,0
1496,Maharashtra,MH,S13,1,Mumbai South central,793802,654025,1447886,424310.0,343790.0,768130,2014,253,,1
1511,Maharashtra,MH,S13,1,Gadchiroli-Chimur,752751,715686,1468437,537674.0,489980.0,1027654,2014,235,,1
1520,Maharashtra,MH,S13,1,Ramtek,887228,790024,1677266,576271.0,473007.0,1049278,2014,232,,0
1524,Maharashtra,MH,S13,1,Palghar,830398,747673,1578149,531904.0,460337.0,992280,2014,245,,0
1529,Maharashtra,MH,S13,1,Latur,902170,784780,1686957,576599.0,477934.0,1054533,2014,264,,0
1540,Maharashtra,MH,S13,1,Kalyan,1044943,876995,1922034,472077.0,352517.0,824652,2014,247,,0
1546,Maharashtra,MH,S13,1,Yavatmal-Washim,921276,834010,1755292,564176.0,467163.0,1031339,2014,237,,0
1555,Maharashtra,MH,S13,1,Aurangabad,846011,743384,1589395,554458.0,428022.0,982480,2014,242,,0
1564,Maharashtra,MH,S13,1,Thane,1141737,931467,2073251,590956.0,462684.0,1053658,2014,248,,0
1573,Maharashtra,MH,S13,1,Wardha,817514,747024,1564552,553504.0,458674.0,1012178,2014,231,,0
1576,Maharashtra,MH,S13,1,Bhandara - gondiya,841257,814592,1655852,615597.0,580693.0,1196291,2014,234,,0
1577,Maharashtra,MH,S13,1,Dindori,808116,722062,1530208,546617.0,422882.0,969499,2014,243,,1
1580,Maharashtra,MH,S13,1,Bhiwandi,945521,751031,1696584,502705.0,372339.0,875044,2014,246,,0
1581,Maharashtra,MH,S13,1,Hingoli,839540,746644,1586194,575663.0,473420.0,1049085,2014,238,,0
1584,Maharashtra,MH,S13,1,Mumbai North,972753,811110,1783870,527247.0,418394.0,945642,2014,249,,0
1586,Maharashtra,MH,S13,1,Raigad,752491,780290,1532781,485550.0,502232.0,987782,2014,255,,1
1588,Maharashtra,MH,S13,1,Dhule,879332,796027,1675367,540775.0,438455.0,979230,2014,225,,0
1593,Maharashtra,MH,S13,1,Mumbai North East,923016,745254,1668357,485677.0,375903.0,861638,2014,251,,0
1594,Maharashtra,MH,S13,1,Shirdi,768181,694085,1462267,519824.0,412130.0,931954,2014,261,,1
1595,Maharashtra,MH,S13,1,Beed,963569,829083,1792652,680369.0,551091.0,1231460,2014,262,,0
1596,Maharashtra,MH,S13,1,Nandurbar,852313,820622,1672943,583431.0,530953.0,1114384,2014,224,,0
1604,Maharashtra,MH,S13,1,Raver,842701,750674,1593389,555229.0,455617.0,1010846,2014,227,,0
1606,Maharashtra,MH,S13,1,Satara,883947,836051,1719998,519148.0,456561.0,975709,2014,268,,0
1608,Maharashtra,MH,S13,1,Kolhapur,909286,849002,1758293,663565.0,595421.0,1258986,2014,270,,0
1622,Maharashtra,MH,S13,1,Mumbai South,828962,656867,1485844,436292.0,342366.0,778666,2014,254,,1
1625,Maharashtra,MH,S13,1,Chandrapur,921095,832595,1753690,602269.0,506480.0,1108749,2014,236,,0
1627,Manipur,MN,S14,2,Inner manipur ,417103,438257,855360,307043.0,334205.0,641248,2014,272,,1
1634,Manipur,MN,S14,2,Outer manipur,454314,464695,919009,379493.0,393746.0,773239,2014,273,,1
1647,Meghalaya,ML,S15,2,Tura,297230,289271,586501,232357.0,225763.0,458120,2014,275,,1
1649,Meghalaya,ML,S15,2,Shillong,480409,500331,980740,292971.0,326895.0,619866,2014,274,,1
1654,Mizoram,MZ,S16,2,MIZORAM,346219,355951,702170,212673.0,213477.0,426150,2014,276,,1
1659,Nagaland,NL,S17,2,Nagaland,600518,582454,1182972,528703.0,510521.0,1039224,2014,277,,1
1664,Odisha,OD,S18,1,Sundargarh,718689,691817,1410532,515013.0,493933.0,1008946,2014,279,,1
1675,Odisha,OD,S18,1,Balasore,709342,656857,1366218,531346.0,516773.0,1048119,2014,283,,1
1680,Odisha,OD,S18,1,Koraput,629268,671019,1300437,485037.0,504205.0,989243,2014,298,,1
1688,Odisha,OD,S18,1,Nabarangpur,645875,651286,1297210,512473.0,509104.0,1021577,2014,289,,1
1689,Odisha,OD,S18,1,Bhubaneswar ,835850,691665,1527768,485138.0,406314.0,891460,2014,295,,1
1710,Odisha,OD,S18,1,Bhadrak,774566,694893,1469498,537329.0,541995.0,1079324,2014,284,,1
1717,Odisha,OD,S18,1,Puri,742939,661592,1404581,568551.0,469388.0,1037939,2014,294,,1
1723,Odisha,OD,S18,1,Aska,750999,657756,1408780,449644.0,446046.0,895690,2014,296,,1
1729,Odisha,OD,S18,1,Kandhamal,582340,561228,1143602,422515.0,416406.0,838921,2014,290,,1
1734,Odisha,OD,S18,1,Berhampur,680089,654171,1334268,450468.0,454066.0,904534,2014,297,,1
1747,Odisha,OD,S18,1,Sambalpur,669036,627982,1297098,504240.0,476826.0,981068,2014,280,,1
1754,Odisha,OD,S18,1,Bargarh,751140,679485,1430717,595871.0,526985.0,1122864,2014,278,,1
1761,Odisha,OD,S18,1,Jagatsinghpur,797923,701680,1499673,587440.0,544083.0,1131526,2014,293,,1
1762,Odisha,OD,S18,1,Cuttack,731912,639680,1371617,522746.0,455864.0,978610,2014,291,,1
1763,Odisha,OD,S18,1,Kendrapara,828491,726929,1555444,577477.0,558439.0,1135916,2014,292,,0
1765,Odisha,OD,S18,1,Keonjhar,691369,655285,1346683,550293.0,532437.0,1082730,2014,281,,1
1767,Odisha,OD,S18,1,Kalahandi,750694,723392,1474135,576088.0,539704.0,1115803,2014,288,,1
1768,Odisha,OD,S18,1,Bolangir,814968,747976,1563025,605683.0,563394.0,1169117,2014,287,,0
1772,Odisha,OD,S18,1,Jajpur,696385,607337,1303733,522476.0,456676.0,979152,2014,285,,1
1773,Odisha,OD,S18,1,Mayurbhanj,670100,657438,1327555,522251.0,528655.0,1050906,2014,282,,1
1783,Odisha,OD,S18,1,Dhenkanal,722329,641088,1363471,551212.0,488983.0,1040200,2014,286,,1
1798,Punjab,PB,S19,1,Anandpur Sahib,817186,747512,1564721,554688.0,532346.0,1087034,2014,304,,0
1802,Punjab,PB,S19,1,Firozpur,808857,713236,1522111,590404.0,514569.0,1104973,2014,308,,1
1807,Punjab,PB,S19,1,Sangrur,758197,666535,1424743,583555.0,516181.0,1099736,2014,310,,1
1811,Punjab,PB,S19,1,Gurdaspur,784477,715839,1500337,532763.0,509586.0,1042349,2014,299,,1
1813,Punjab,PB,S19,1,Fatehgarh Sahib,740390,656554,1396957,551095.0,479741.0,1030836,2014,306,,1
1823,Punjab,PB,S19,1,Ludhiana,835632,725551,1561201,601709.0,499984.0,1101693,2014,305,,0
1842,Punjab,PB,S19,1,Jalandhar,808530,742954,1551497,532265.0,508444.0,1040709,2014,302,,0
1850,Punjab,PB,S19,1,Bathinda,813119,712156,1525289,626895.0,549533.0,1176428,2014,309,,1
1852,Punjab,PB,S19,1,Khadoor Sahib,817134,746233,1563409,534962.0,505352.0,1040314,2014,301,,0
1854,Punjab,PB,S19,1,Amritsar,779164,698076,1477262,537622.0,469488.0,1007110,2014,300,,1
1859,Punjab,PB,S19,1,Faridkot,768206,686848,1455075,547017.0,484634.0,1031651,2014,307,,1
1861,Punjab,PB,S19,1,Hoshiarpur,762065,723207,1485286,473084.0,487516.0,960600,2014,303,,1
1864,Punjab,PB,S19,1,Patiala,834231,746037,1580273,593609.0,527264.0,1120873,2014,311,,0
1874,Rajasthan,RJ,S20,1,KARAULI-DHOLPUR,845548,703920,1549468,491202.0,353973.0,845175,2014,321,,0
1875,Rajasthan,RJ,S20,1,Chittorgarh,929217,890287,1819506,630617.0,539259.0,1169876,2014,332,,0
1879,Rajasthan,RJ,S20,1,Bhilwara,904045,850856,1754901,580533.0,521628.0,1102161,2014,334,,0
1880,Rajasthan,RJ,S20,1,Dausa,814648,709447,1524100,518917.0,409839.0,928756,2014,322,,1
1899,Rajasthan,RJ,S20,1,Ajmer,869322,813938,1683261,613187.0,540384.0,1153571,2014,324,,0
1902,Rajasthan,RJ,S20,1,Rajsamand,880398,820791,1701194,506425.0,471078.0,977503,2014,333,,0
1920,Rajasthan,RJ,S20,1,Jalore,964046,860922,1824968,581247.0,506374.0,1087621,2014,329,,0
1921,Rajasthan,RJ,S20,1,TONK-SAWAI MADHOPUR,910730,800045,1710775,583732.0,459375.0,1043107,2014,323,,0
1924,Rajasthan,RJ,S20,1,Churu,928059,825765,1753825,598297.0,529280.0,1127578,2014,314,,0
1934,Rajasthan,RJ,S20,1,Ganganagar,909749,808665,1718414,678212.0,573241.0,1251453,2014,312,,0
1955,Rajasthan,RJ,S20,1,Jaipur,1047469,910349,1957820,714851.0,578288.0,1293139,2014,318,,0
1957,Rajasthan,RJ,S20,1,Kota,913387,831152,1744539,632156.0,518136.0,1150292,2014,335,,0
1962,Rajasthan,RJ,S20,1,Jhunjhunu,894068,803402,1697470,521812.0,479727.0,1001539,2014,315,,0
1964,Rajasthan,RJ,S20,1,Pali,998413,903678,1902094,578674.0,512314.0,1090988,2014,326,,0
1966,Rajasthan,RJ,S20,1,Banswara,866441,831800,1698244,578240.0,590772.0,1169012,2014,331,,0
1967,Rajasthan,RJ,S20,1,Barmer,896867,783282,1680152,653991.0,562013.0,1216004,2014,328,,0
1977,Rajasthan,RJ,S20,1,Sikar,943691,826191,1769882,552960.0,507618.0,1060578,2014,316,,0
1979,Rajasthan,RJ,S20,1,JHALAWAR-BARAN,868979,800865,1669844,635617.0,510625.0,1146242,2014,336,,0
1981,Rajasthan,RJ,S20,1,Bikaner,847726,744629,1592355,526374.0,402281.0,928655,2014,313,,0
1988,Rajasthan,RJ,S20,1,Udaipur,930007,887933,1817940,599307.0,589859.0,1189166,2014,330,,0
2005,Rajasthan,RJ,S20,1,BHARATPUR,910990,779714,1690705,547046.0,413081.0,960127,2014,320,,0
2008,Rajasthan,RJ,S20,1,Jodhpur,910621,817170,1727791,596225.0,475258.0,1071483,2014,327,,0
2009,Rajasthan,RJ,S20,1,Alwar,870044,756398,1626442,585823.0,473846.0,1059669,2014,319,,0
2012,Rajasthan,RJ,S20,1,Nagaur,886728,791932,1678660,531452.0,469913.0,1001365,2014,325,,0
2013,Rajasthan,RJ,S20,1,Jaipur Rural,906858,793449,1700307,556476.0,452621.0,1009097,2014,317,,0
2018,Sikkim,SK,S21,2,Sikkim,191017,179753,370770,153370.0,146197.0,299567,2014,337,,1
2022,Tamil Nadu,TN,S22,1,Thiruvallur,852794,849777,1702833,644387.0,609702.0,1254112,2014,338,,0
2023,Tamil Nadu,TN,S22,1,Madurai,717175,724206,1441434,483389.0,490525.0,973940,2014,369,,1
2026,Tamil Nadu,TN,S22,1,Chidambaram ,686862,679307,1366190,530346.0,556097.0,1086444,2014,364,,1
2036,Tamil Nadu,TN,S22,1,Nilgiris,629707,639433,1269173,472256.0,458764.0,931024,2014,356,,1
2049,Tamil Nadu,TN,S22,1,Pollachi,686943,694524,1381505,513435.0,496880.0,1010321,2014,358,,1
2050,Tamil Nadu,TN,S22,1,Arakkonam,693100,708671,1401813,543169.0,543863.0,1087042,2014,344,,1
2052,Tamil Nadu,TN,S22,1,Tirunelveli,705592,714823,1420435,468701.0,492310.0,961013,2014,375,,1
2054,Tamil Nadu,TN,S22,1,Theni,720709,720492,1441302,528940.0,546154.0,1075107,2014,370,,1
2055,Tamil Nadu,TN,S22,1,Sriperumbudur,982862,963377,1946503,665892.0,620230.0,1286127,2014,342,,0
2069,Tamil Nadu,TN,S22,1,Tiruppur,697730,677801,1375589,543168.0,505372.0,1048544,2014,355,,1
2072,Tamil Nadu,TN,S22,1,Nagapattinam ,606339,604280,1210626,452899.0,486855.0,939756,2014,366,,1
2077,Tamil Nadu,TN,S22,1,Thoothukkudi ,651207,659197,1310406,448396.0,466414.0,914811,2014,373,,1
2080,Tamil Nadu,TN,S22,1,Coimbatore,869033,851127,1720221,608444.0,565861.0,1174312,2014,357,,0
2095,Tamil Nadu,TN,S22,1,Chennai North,707700,714428,1422392,463981.0,445554.0,909539,2014,339,,1
2105,Tamil Nadu,TN,S22,1,Salem,759981,738253,1498350,593293.0,555869.0,1149174,2014,352,,1
2107,Tamil Nadu,TN,S22,1,Ramanathapuram,731526,724382,1455988,465142.0,534167.0,999323,2014,372,,1
2113,Tamil Nadu,TN,S22,1,Karur,641693,656598,1298322,510504.0,533334.0,1043857,2014,360,,1
2115,Tamil Nadu,TN,S22,1,Tiruchirappalli,689228,697829,1387140,490711.0,494904.0,985655,2014,361,,1
2121,Tamil Nadu,TN,S22,1,Perambalur,634391,651159,1285576,498647.0,528957.0,1027622,2014,362,,1
2125,Tamil Nadu,TN,S22,1,Thanjavur,662571,677465,1340050,480904.0,528697.0,1009604,2014,367,,1
2130,Tamil Nadu,TN,S22,1,Viluppuram,694932,691942,1387007,535359.0,528788.0,1064158,2014,350,,1
2135,Tamil Nadu,TN,S22,1,Namakkal,661113,668368,1329552,532212.0,526436.0,1058676,2014,353,,1
2144,Tamil Nadu,TN,S22,1,Tenkasi,688958,693084,1382081,489624.0,525986.0,1015613,2014,374,,1
2153,Tamil Nadu,TN,S22,1,Krishnagiri,705468,674363,1379957,546295.0,522804.0,1069117,2014,346,,1
2160,Tamil Nadu,TN,S22,1,Cuddalore,625652,622218,1247908,485201.0,497002.0,982208,2014,363,,1
2165,Tamil Nadu,TN,S22,1,Sivaganga,704489,707884,1412373,474734.0,551559.0,1026293,2014,368,,1
2166,Tamil Nadu,TN,S22,1,Kanniyakumari,743378,724348,1467796,488828.0,501284.0,990114,2014,376,,1
2171,Tamil Nadu,TN,S22,1,Tiruvannamalai,675321,677622,1352966,527265.0,536809.0,1064076,2014,348,,1
2196,Tamil Nadu,TN,S22,1,Chennai South,901211,894252,1795776,556403.0,527433.0,1083847,2014,340,,0
2199,Tamil Nadu,TN,S22,1,Kallakurichi,707219,705147,1412499,541221.0,562429.0,1103662,2014,351,,1
2201,Tamil Nadu,TN,S22,1,Erode,656661,664670,1321399,510564.0,495852.0,1006429,2014,354,,1
2214,Tamil Nadu,TN,S22,1,Chennai central,665282,662504,1328038,421903.0,392161.0,814079,2014,341,,1
2221,Tamil Nadu,TN,S22,1,Mayiladuthurai,679940,670377,1350318,503104.0,520845.0,1023950,2014,365,,1
2224,Tamil Nadu,TN,S22,1,Arani,683921,685715,1369668,546222.0,546279.0,1092502,2014,349,,1
2227,Tamil Nadu,TN,S22,1,Kancheepuram,736993,742956,1480123,572957.0,554099.0,1127056,2014,343,,1
2236,Tamil Nadu,TN,S22,1,Virudhunagar ,669589,680818,1350495,496203.0,512880.0,1009119,2014,371,,1
2238,Tamil Nadu,TN,S22,1,Vellore,652066,660173,1312259,483341.0,490341.0,973687,2014,345,,1
2251,Tamil Nadu,TN,S22,1,Dharmapuri,696496,661700,1358273,567657.0,533724.0,1101416,2014,347,,1
2252,Tamil Nadu,TN,S22,1,Dindigul,696160,704264,1400531,538102.0,544003.0,1082129,2014,359,,1
2263,Tripura,TR,S23,2,Tripura East,581604,558672,1140276,486129.0,459313.0,945442,2014,378,,1
2264,Tripura,TR,S23,2,Tripura West,635974,612572,1248546,543278.0,523020.0,1066298,2014,377,,1
2269,Uttar Pradesh,UP,S24,1,Varanasi,985395,781000,1766487,593071.0,436735.0,1029816,2014,455,,0
2272,Uttar Pradesh,UP,S24,1,Etah,856985,720450,1577457,520186.0,405831.0,926017,2014,400,,0
2283,Uttar Pradesh,UP,S24,1,Kannauj,1000035,808799,1808886,629125.0,484744.0,1113869,2014,420,,0
2284,Uttar Pradesh,UP,S24,1,Amethi,890648,779148,1669843,461524.0,413341.0,874865,2014,415,,0
2294,Uttar Pradesh,UP,S24,1,Mathura,931944,750142,1682260,619776.0,457879.0,1077656,2014,395,,0
2304,Uttar Pradesh,UP,S24,1,Hardoi,939831,774501,1714388,565516.0,407349.0,972865,2014,409,,0
2307,Uttar Pradesh,UP,S24,1,Lalganj,906738,754613,1661470,456872.0,441988.0,898860,2014,446,,0
2316,Uttar Pradesh,UP,S24,1,Sultanpur,910134,793521,1703698,499563.0,465648.0,965211,2014,416,,0
2317,Uttar Pradesh,UP,S24,1,Misrikh,948316,777207,1725589,574416.0,423674.0,998090,2014,410,,0
2327,Uttar Pradesh,UP,S24,1,Kaushambi,954848,783372,1738509,491070.0,418758.0,909828,2014,428,,0
2330,Uttar Pradesh,UP,S24,1,Bareilly,911264,752773,1664081,574826.0,441899.0,1016728,2014,403,,0
2331,Uttar Pradesh,UP,S24,1,Shahjahanpur ,1100020,879139,1979294,663380.0,464707.0,1128087,2014,405,,0
2338,Uttar Pradesh,UP,S24,1,Dhaurahra,846798,711151,1558041,605084.0,454769.0,1059867,2014,407,,0
2342,Uttar Pradesh,UP,S24,1,Hathras,969908,788925,1758927,596865.0,452373.0,1049240,2014,394,,0
2346,Uttar Pradesh,UP,S24,1,Meerut,971956,792318,1764388,631761.0,479781.0,1111542,2014,388,,0
2348,Uttar Pradesh,UP,S24,1,Salempur,904632,756980,1661737,450187.0,404269.0,854457,2014,449,,0
2353,Uttar Pradesh,UP,S24,1,Badaun,978040,791044,1769145,595106.0,431771.0,1026884,2014,401,,0
2371,Uttar Pradesh,UP,S24,1,Jaunpur,1002938,845831,1848842,527140.0,479177.0,1006317,2014,451,,0
2380,Uttar Pradesh,UP,S24,1,Lucknow,1052171,897693,1949956,580513.0,450547.0,1031060,2014,413,,0
2381,Uttar Pradesh,UP,S24,1,Aligarh,965995,827010,1793126,596880.0,467715.0,1064597,2014,393,,0
2384,Uttar Pradesh,UP,S24,1,Bulandshahr,930827,805499,1736436,549613.0,459467.0,1009095,2014,392,,0
2386,Uttar Pradesh,UP,S24,1,Deoria,997314,809319,1806926,508083.0,462357.0,970443,2014,444,,0
2388,Uttar Pradesh,UP,S24,1,Bhadohi,1016000,818442,1834598,527390.0,454368.0,981760,2014,456,,0
2393,Uttar Pradesh,UP,S24,1,Domariyaganj ,961957,799313,1761415,490089.0,444938.0,935027,2014,438,,0
2394,Uttar Pradesh,UP,S24,1,Farrukhabad,891793,721921,1613781,560618.0,409931.0,970549,2014,418,,0
2404,Uttar Pradesh,UP,S24,1,Mirzapur,938504,782028,1720661,557612.0,449962.0,1007581,2014,457,,0
2455,Uttar Pradesh,UP,S24,1,Gonda,935167,775608,1710825,487483.0,384938.0,872422,2014,437,,0
2465,Uttar Pradesh,UP,S24,1,Amroha,829444,714712,1544245,589753.0,505978.0,1095731,2014,387,,0
2486,Uttar Pradesh,UP,S24,1,Gorakhpur,1055209,848621,1903988,582909.0,457008.0,1039934,2014,442,,0
2489,Uttar Pradesh,UP,S24,1,Ballia,973384,794830,1768271,517773.0,423406.0,941182,2014,450,,0
2491,Uttar Pradesh,UP,S24,1,Kushi Nagar,930637,750240,1680992,505771.0,444293.0,950064,2014,443,,0
2496,Uttar Pradesh,UP,S24,1,Sitapur,838148,712053,1550263,581709.0,444625.0,1026334,2014,408,,0
2502,Uttar Pradesh,UP,S24,1,Kanpur,889344,721802,1611248,485562.0,349156.0,834718,2014,421,,0
2505,Uttar Pradesh,UP,S24,1,Gautam Buddha Nagar,1105732,880377,1986109,707052.0,491342.0,1198394,2014,391,,0
2513,Uttar Pradesh,UP,S24,1,Maharajganj,946234,796767,1743131,549757.0,510481.0,1060238,2014,441,,0
2515,Uttar Pradesh,UP,S24,1,Ghosi,1040033,850934,1891112,547380.0,492131.0,1039511,2014,448,,0
2518,Uttar Pradesh,UP,S24,1,Ghazipur,983352,818105,1801519,528986.0,457272.0,986259,2014,453,,0
2520,Uttar Pradesh,UP,S24,1,Rampur,872075,744534,1616972,528149.0,430146.0,958303,2014,385,,0
2521,Uttar Pradesh,UP,S24,1,Kaiserganj,928269,783633,1711967,527027.0,415386.0,942413,2014,435,,0
2537,Uttar Pradesh,UP,S24,1,Robertsganj,901147,737885,1639074,498085.0,387542.0,885628,2014,458,,0
2544,Uttar Pradesh,UP,S24,1,Sant Kabir Nagar,1045424,858808,1904315,521201.0,490916.0,1012117,2014,440,,0
2546,Uttar Pradesh,UP,S24,1,Muzaffarnagar,875179,713220,1588475,618042.0,484660.0,1102713,2014,381,,0
2549,Uttar Pradesh,UP,S24,1,Hamirpur,949328,788636,1737993,550111.0,427480.0,977593,2014,425,,0
2550,Uttar Pradesh,UP,S24,1,Akbarpur,977669,790872,1768635,559566.0,411414.0,970980,2014,422,,0
2553,Uttar Pradesh,UP,S24,1,Agra,1003777,810896,1814739,621497.0,448004.0,1069503,2014,396,,0
2573,Uttar Pradesh,UP,S24,1,Bansgaon,980235,779762,1760090,459714.0,417437.0,877152,2014,445,,0
2575,Uttar Pradesh,UP,S24,1,Machhlishahr ,1026789,865121,1891969,512798.0,483995.0,996793,2014,452,,0
2578,Uttar Pradesh,UP,S24,1,Shrawasti,976415,811613,1788080,559351.0,420598.0,979951,2014,436,,0
2579,Uttar Pradesh,UP,S24,1,Firozabad,902532,734206,1636738,643026.0,461542.0,1104568,2014,398,,0
2581,Uttar Pradesh,UP,S24,1,Jhansi,1034112,897888,1932052,734228.0,586213.0,1320441,2014,424,,0
2582,Uttar Pradesh,UP,S24,1,Banda,884779,717011,1601855,473933.0,384301.0,858234,2014,426,,0
2583,Uttar Pradesh,UP,S24,1,Fatehpur Sikri,877271,703267,1580582,565514.0,401637.0,967152,2014,397,,0
2596,Uttar Pradesh,UP,S24,1,Bahraich,882643,755897,1638640,522529.0,411550.0,934081,2014,434,,0
2602,Uttar Pradesh,UP,S24,1,Ambedkar Nagar,923552,795143,1718774,541195.0,493159.0,1034355,2014,433,,0
2606,Uttar Pradesh,UP,S24,1,Kheri,904863,774542,1679466,606219.0,471614.0,1077848,2014,406,,0
2610,Uttar Pradesh,UP,S24,1,Kairana,840629,691073,1531767,617921.0,500278.0,1118199,2014,380,,1
2613,Uttar Pradesh,UP,S24,1,Nagina,795562,697765,1493419,484049.0,458292.0,942349,2014,383,,1
2614,Uttar Pradesh,UP,S24,1,Moradabad,961935,810050,1771985,626722.0,499370.0,1126092,2014,384,,0
2618,Uttar Pradesh,UP,S24,1,Azamgarh,941447,761573,1703121,504375.0,455380.0,959755,2014,447,,0
2626,Uttar Pradesh,UP,S24,1,Mainpuri,900568,752461,1653058,579581.0,418952.0,998538,2014,399,,0
2628,Uttar Pradesh,UP,S24,1,Aonla,917053,736487,1653577,572213.0,422483.0,994700,2014,402,,0
2639,Uttar Pradesh,UP,S24,1,Etawah,938271,768913,1707237,529547.0,408334.0,937881,2014,419,,0
2641,Uttar Pradesh,UP,S24,1,Allahabad,917403,749001,1666569,506755.0,384075.0,890833,2014,430,,0
2642,Uttar Pradesh,UP,S24,1,Jalaun,1037570,849595,1887189,632802.0,476033.0,1108846,2014,423,,0
2646,Uttar Pradesh,UP,S24,1,Fatehpur,985898,818821,1804753,574629.0,481306.0,1055940,2014,427,,0
2648,Uttar Pradesh,UP,S24,1,Phulpur,1063897,849194,1913275,541264.0,418152.0,959420,2014,429,,0
2657,Uttar Pradesh,UP,S24,1,Mohanlalganj,995313,842841,1838194,637851.0,476997.0,1114848,2014,412,,0
2658,Uttar Pradesh,UP,S24,1,Faizabad,936036,802604,1738701,558076.0,464473.0,1022558,2014,432,,0
2664,Uttar Pradesh,UP,S24,1,Unnao,1194394,969919,2164392,673666.0,526266.0,1199936,2014,411,,0
2684,Uttar Pradesh,UP,S24,1,Sambhal,931603,761516,1693229,599491.0,456319.0,1055817,2014,386,,0
2688,Uttar Pradesh,UP,S24,1,Rae Bareli,857875,737017,1594954,437762.0,387368.0,825130,2014,414,,0
2692,Uttar Pradesh,UP,S24,1,Ghaziabad,1333055,1024455,2357553,781962.0,559856.0,1341818,2014,390,,0
2696,Uttar Pradesh,UP,S24,1,Pilibhit,903414,767687,1671154,586095.0,464229.0,1050342,2014,404,,0
2697,Uttar Pradesh,UP,S24,1,Saharanpur,873318,735452,1608833,652595.0,540479.0,1193086,2014,379,,0
2699,Uttar Pradesh,UP,S24,1,Baghpat,850681,654413,1505175,582431.0,421180.0,1003611,2014,389,,1
2714,Uttar Pradesh,UP,S24,1,Chandauli,887892,705123,1593133,545894.0,433978.0,979873,2014,454,,0
2719,Uttar Pradesh,UP,S24,1,Basti,962508,824831,1787476,549704.0,498809.0,1048521,2014,439,,0
2722,Uttar Pradesh,UP,S24,1,Bijnor,848418,713587,1562081,575976.0,482184.0,1058170,2014,382,,0
2740,Uttar Pradesh,UP,S24,1,Pratapgarh,923411,792852,1716394,454891.0,437808.0,892732,2014,417,,0
2743,Uttar Pradesh,UP,S24,1,Barabanki,925944,795265,1721278,611146.0,457015.0,1068161,2014,431,,0
2750,West Bengal,WB,S25,1,Jangipur,714890,676753,1391656,559290.0,559068.0,1118358,2014,467,,1
2768,West Bengal,WB,S25,1,Basirhat,777768,712812,1490596,677047.0,595849.0,1272897,2014,476,,1
2775,West Bengal,WB,S25,1,Bankura,775893,727919,1503812,644501.0,590353.0,1234854,2014,494,,1
2789,West Bengal,WB,S25,1,Alipurduars,755765,715138,1470911,619392.0,603041.0,1222433,2014,460,,1
2797,West Bengal,WB,S25,1,Murshidabad,782480,729615,1512098,653122.0,635049.0,1288171,2014,469,,1
2801,West Bengal,WB,S25,1,Hooghly,836584,793445,1630042,696614.0,650941.0,1347556,2014,486,,0
2803,West Bengal,WB,S25,1,Diamond harbour,816259,739631,1555914,682840.0,577412.0,1260252,2014,479,,0
2808,West Bengal,WB,S25,1,Maldaha Dakshin,692386,654741,1347143,545088.0,544292.0,1089380,2014,466,,1
2809,West Bengal,WB,S25,1,Ranaghat,831318,771515,1602849,691141.0,658049.0,1349190,2014,471,,0
2832,West Bengal,WB,S25,1,Birbhum,773438,721641,1495089,669860.0,605076.0,1274936,2014,500,,1
2834,West Bengal,WB,S25,1,Barrackpore,682366,604844,1287222,567286.0,481436.0,1048722,2014,473,,1
2837,West Bengal,WB,S25,1,Jadavpur,811441,784269,1595746,666829.0,605165.0,1271994,2014,480,,0
2842,West Bengal,WB,S25,1,Joynagar,757902,700787,1458724,633029.0,555516.0,1188545,2014,477,,1
2845,West Bengal,WB,S25,1,Balurghat,653841,600646,1254497,548053.0,513027.0,1061080,2014,464,,1
2864,West Bengal,WB,S25,1,Maldaha Uttar ,740749,684660,1425428,578561.0,582591.0,1161152,2014,465,,1
2874,West Bengal,WB,S25,1,Bolpur,798378,740033,1538421,682036.0,621426.0,1303462,2014,499,,0
2879,West Bengal,WB,S25,1,Kolkata Dakshin,890251,795037,1685296,626618.0,540007.0,1166625,2014,481,,0
2885,West Bengal,WB,S25,1,Jhargram,753841,721269,1475112,645909.0,610427.0,1256336,2014,491,,1
2887,West Bengal,WB,S25,1,Mathurapur,772277,716496,1488785,662025.0,607691.0,1269716,2014,478,,1
2890,West Bengal,WB,S25,1,Dum dum,715569,690401,1405981,590114.0,539290.0,1129404,2014,474,,1
2892,West Bengal,WB,S25,1,Barasat,774305,738463,1512792,669359.0,596363.0,1265746,2014,475,,1
2895,West Bengal,WB,S25,1,Bishnupur,759317,707604,1466921,667023.0,603708.0,1270731,2014,495,,1
2897,West Bengal,WB,S25,1,Kolkata Uttar,797437,636542,1433985,534806.0,419974.0,954783,2014,482,,1
2898,West Bengal,WB,S25,1,Baharampur,752943,700833,1453783,584203.0,569867.0,1154070,2014,468,,1
2906,West Bengal,WB,S25,1,Asansol,791896,677774,1469684,633286.0,509230.0,1142518,2014,498,,1
2911,West Bengal,WB,S25,1,Darjeeling,737062,700062,1437154,587016.0,553877.0,1140907,2014,462,,1
2913,West Bengal,WB,S25,1,Cooch behar,848641,764757,1613403,687125.0,642008.0,1329133,2014,459,,0
2926,West Bengal,WB,S25,1,Kanthi,777345,713061,1490409,663897.0,626338.0,1290235,2014,489,,1
2930,West Bengal,WB,S25,1,Srerampur,847931,776093,1624038,680999.0,608386.0,1289387,2014,485,,0
2939,West Bengal,WB,S25,1,Tamluk,796779,730482,1527273,684160.0,650897.0,1335058,2014,488,,1
2940,West Bengal,WB,S25,1,Bardhaman Purba,795545,736693,1532244,682635.0,637516.0,1320152,2014,496,,1
2942,West Bengal,WB,S25,1,Ghatal,835803,774672,1610489,690945.0,675066.0,1366019,2014,490,,0
2943,West Bengal,WB,S25,1,Raiganj,724014,663479,1387526,563566.0,543020.0,1106586,2014,463,,1
2948,West Bengal,WB,S25,1,Medinipur,770363,729306,1499673,647452.0,613326.0,1260778,2014,492,,1
2951,West Bengal,WB,S25,1,Purulia,764758,707169,1471933,627261.0,574047.0,1201309,2014,493,,1
2956,West Bengal,WB,S25,1,Jalpaiguri,795704,735760,1531469,675989.0,625242.0,1301231,2014,461,,1
2960,West Bengal,WB,S25,1,Krishnanagar ,769981,706791,1476783,638727.0,607902.0,1246629,2014,470,,1
2964,West Bengal,WB,S25,1,Howrah,802653,702441,1505099,621808.0,503224.0,1125035,2014,483,,1
2970,West Bengal,WB,S25,1,Arambagh,833629,766658,1600293,707257.0,654127.0,1361384,2014,487,,0
2972,West Bengal,WB,S25,1,Bangaon,796650,744053,1540713,653011.0,627517.0,1280528,2014,472,,0
2974,West Bengal,WB,S25,1,Uluberia,761951,686678,1448632,629091.0,557334.0,1186425,2014,484,,1
2995,West Bengal,WB,S25,1,Burdwan - durgapur,821377,762111,1583495,700025.0,629761.0,1329789,2014,497,,0
3002,Chhattisgarh,CT,S26,1,RAJNANDGAON,797477,793896,1591373,603428.0,574874.0,1178302,2014,506,,0
3005,Chhattisgarh,CT,S26,1,KORBA,729951,693664,1423729,545187.0,506882.0,1052069,2014,504,,1
3010,Chhattisgarh,CT,S26,1,KANKER,722916,725459,1448375,515715.0,500911.0,1016626,2014,511,,1
3020,Chhattisgarh,CT,S26,1,RAIPUR,979589,924588,1904460,659154.0,591606.0,1250760,2014,508,,0
3022,Chhattisgarh,CT,S26,1,BILASPUR,891316,837889,1729229,573078.0,516910.0,1089988,2014,505,,0
3025,Chhattisgarh,CT,S26,1,RAIGARH,819043,807906,1626949,631470.0,614665.0,1246135,2014,502,,0
3030,Chhattisgarh,CT,S26,1,MAHASAMUND,757694,758435,1516177,576664.0,554172.0,1130836,2014,509,,1
3042,Chhattisgarh,CT,S26,1,JANJGIR-CHAMPA,895884,848077,1744201,558932.0,514393.0,1073325,2014,503,,0
3048,Chhattisgarh,CT,S26,1,BASTAR,632842,665241,1298083,386189.0,383710.0,769899,2014,510,,1
3059,Chhattisgarh,CT,S26,1,DURG,948929,909771,1858922,661165.0,597929.0,1259094,2014,507,,0
3060,Chhattisgarh,CT,S26,1,SARGUJA,771106,751862,1523022,610812.0,576493.0,1187305,2014,501,,1
3066,Jharkhand,JH,S27,1,Khunti,565457,546398,1111856,373314.0,364162.0,737476,2014,522,,1
3069,Jharkhand,JH,S27,1,Giridih,811587,700052,1511644,531982.0,439241.0,971223,2014,517,,1
3073,Jharkhand,JH,S27,1,Dumka,658403,614641,1273049,466619.0,435895.0,902514,2014,513,,1
3084,Jharkhand,JH,S27,1,Ranchi,868528,779930,1648459,562384.0,487221.0,1049605,2014,519,,0
3087,Jharkhand,JH,S27,1,Kodarma,870003,769641,1639645,535308.0,489593.0,1024901,2014,516,,0
3090,Jharkhand,JH,S27,1,Godda,840396,750375,1590772,549854.0,499254.0,1049108,2014,514,,0
3097,Jharkhand,JH,S27,1,Chatra,696501,616060,1312562,383214.0,329747.0,712961,2014,515,,1
3098,Jharkhand,JH,S27,1,Jamshedpur,811632,770030,1581665,548089.0,501033.0,1049122,2014,520,,0
3116,Jharkhand,JH,S27,1,Palamau,889932,756024,1645957,523108.0,453494.0,976602,2014,524,,0
3117,Jharkhand,JH,S27,1,Hazaribagh,812554,706367,1518923,515052.0,452228.0,967280,2014,525,,1
3120,Jharkhand,JH,S27,1,Dhanbad,1032038,857981,1890021,642557.0,501332.0,1143889,2014,518,,0
3122,Jharkhand,JH,S27,1,Rajmahal,691403,662063,1353467,490824.0,460471.0,951295,2014,512,,1
3129,Jharkhand,JH,S27,1,Lohardaga,578880,540264,1119144,333825.0,317508.0,651333,2014,523,,1
3130,Jharkhand,JH,S27,1,Singhbhum,583330,569300,1152632,403571.0,391653.0,795224,2014,521,,1
3158,Uttarakhand,UK,S28,2,Nainital-udhamsingh Nagar,857782,753029,1610811,589435.0,509910.0,1099345,2014,529,,0
3160,Uttarakhand,UK,S28,2,Almora,639362,614162,1253541,316094.0,339409.0,655504,2014,528,,1
3164,Uttarakhand,UK,S28,2,Tehri Garhwal ,711671,640943,1352614,400041.0,370827.0,770868,2014,526,,1
3173,Uttarakhand,UK,S28,2,Garhwal,651868,615350,1267218,320955.0,357047.0,678002,2014,527,,1
3178,Uttarakhand,UK,S28,2,Hardwar,888328,754505,1642873,637480.0,535871.0,1173352,2014,530,,0
3185,Andaman & Nicobar Islands,AD,U01,2,Andaman & Nicobar Islands,142783,126577,269360,101129.0,89084.0,190213,2014,531,,1
3191,Chandigarh,CH,U02,2,CHANDIGARH,333621,281593,615214,244907.0,208415.0,453322,2014,532,,1
3192,Dadra & Nagar Haveli,DN,U03,2,Dadar & Nagar Haveli,106203,90394,196597,87792.0,77494.0,165286,2014,533,,1
3198,Daman & Diu,DD,U04,2,Daman & diu,57011,54816,111827,42355.0,44873.0,87228,2014,534,,1
3215,NCT OF Delhi,DL,U05,2,CHANDNI CHOWK,791318,655854,1447230,548427.0,431342.0,979790,2014,535,,1
3222,NCT OF Delhi,DL,U05,2,WEST DELHI,1108886,930409,2039410,742213.0,603424.0,1345645,2014,540,,0
3233,NCT OF Delhi,DL,U05,2,EAST DELHI,1023325,806102,1829578,676930.0,518463.0,1195428,2014,537,,0
3235,NCT OF Delhi,DL,U05,2,NORTH WEST DELHI,1212516,981633,2194343,757777.0,595362.0,1353181,2014,539,,0
3241,NCT OF Delhi,DL,U05,2,NEW DELHI,830322,659749,1490147,545628.0,422884.0,968519,2014,538,,1
3243,NCT OF Delhi,DL,U05,2,NORTH EAST DELHI,1079407,878183,1957708,738979.0,574789.0,1313796,2014,536,,0
3245,NCT OF Delhi,DL,U05,2,SOUTH DELHI,1005299,747322,1752748,639042.0,462222.0,1101277,2014,541,,0
3249,Lakshadweep,LK,U06,2,Lakshadweep ,25433,24489,49922,21584.0,21655.0,43239,2014,542,,1
3257,Puducherry,PY,U07,2,Puducherry,432048,469289,901357,351544.0,388189.0,739750,2014,543,,1
