,StateName,stateabb,ST_CODE,bigstate,PCNAME,m_electors,f_electors,t_electors,m_voters,f_voters,t_voters,year,n,L,f_voters_turnout,m_voters_turnout,voters_turnout,log_electors,sex_ratio
5,Andhra Pradesh,AP,S01,1,Nagarkurnool ,745050,732104,1477305,569056.0,537781.0,1106865,2014,12,,73.5,76.37822964901684,74.9,14.21,983
7,Andhra Pradesh,AP,S01,1,Guntur,773037,798804,1572017,613894.0,623668.0,1237579,2014,30,,78.1,79.4132751731159,78.7,14.27,1033
23,Andhra Pradesh,AP,S01,1,Bapatla,686494,706353,1392964,583921.0,594010.0,1177932,2014,32,,84.1,85.05842731327587,84.6,14.15,1029
24,Andhra Pradesh,AP,S01,1,Srikakulam,706347,707248,1413726,503114.0,543763.0,1046877,2014,19,,76.9,71.22759776710313,74.1,14.16,1001
28,Andhra Pradesh,AP,S01,1,Secundrabad,1012740,880779,1893741,546289.0,457397.0,1003689,2014,8,,51.9,53.94168295910106,53.0,14.45,870
30,Andhra Pradesh,AP,S01,1,Rajahmundry,707152,714021,1421276,575432.0,574132.0,1149575,2014,25,,80.4,81.37317012466909,80.9,14.17,1010
38,Andhra Pradesh,AP,S01,1,Mahbubnagar ,713064,705447,1418668,509912.0,499391.0,1009304,2014,11,,70.8,71.50999068807288,71.1,14.17,989
53,Andhra Pradesh,AP,S01,1,Bhongir,756965,735217,1492240,620408.0,588076.0,1208493,2014,14,,80.0,81.95993209725681,81.0,14.22,971
55,Andhra Pradesh,AP,S01,1,Zahirabad,717891,727389,1445354,546010.0,546798.0,1092808,2014,5,,75.2,76.05750733746488,75.6,14.18,1013
70,Andhra Pradesh,AP,S01,1,Nellore,796823,809115,1606127,589353.0,590606.0,1179968,2014,39,,73.0,73.96284996793516,73.5,14.29,1015
82,Andhra Pradesh,AP,S01,1,Chittoor,723865,727853,1451851,595000.0,597153.0,1192153,2014,42,,82.0,82.19764735137076,82.1,14.19,1006
83,Andhra Pradesh,AP,S01,1,Aruku,622101,650158,1272340,450038.0,456802.0,906864,2014,18,,70.3,72.3416294138733,71.3,14.06,1045
84,Andhra Pradesh,AP,S01,1,Ongole,736216,733891,1470212,597957.0,599889.0,1197855,2014,33,,81.7,81.22032121007965,81.5,14.2,997
86,Andhra Pradesh,AP,S01,1,Adilabad,687421,698717,1386282,518481.0,525482.0,1043965,2014,1,,75.2,75.42408509486908,75.3,14.14,1016
105,Andhra Pradesh,AP,S01,1,Karimnagar,777440,773291,1550810,550760.0,569382.0,1120142,2014,3,,73.6,70.84276600123482,72.2,14.25,995
107,Andhra Pradesh,AP,S01,1,Tirupati,778507,795485,1574161,602087.0,605328.0,1207418,2014,40,,76.1,77.3386751821114,76.7,14.27,1022
113,Andhra Pradesh,AP,S01,1,Nandyal,783126,793585,1576945,601303.0,599288.0,1200607,2014,34,,75.5,76.78240793946313,76.1,14.27,1013
116,Andhra Pradesh,AP,S01,1,Peddapalle,725765,699474,1425355,520741.0,500992.0,1021747,2014,2,,71.6,71.75063553629619,71.7,14.17,964
117,Andhra Pradesh,AP,S01,1,Kurnool,738832,742805,1481791,543424.0,519253.0,1062680,2014,35,,69.9,73.5517681962882,71.7,14.21,1005
127,Andhra Pradesh,AP,S01,1,Narsapuram,652598,672304,1325028,536507.0,546670.0,1083177,2014,26,,81.3,82.21094762778924,81.7,14.1,1030
130,Andhra Pradesh,AP,S01,1,Visakhapatnam,874909,847941,1723011,583232.0,576946.0,1160178,2014,21,,68.0,66.6620185642164,67.3,14.36,969
133,Andhra Pradesh,AP,S01,1,Vizianagaram ,700639,702984,1403736,554616.0,564891.0,1119507,2014,20,,80.4,79.15859665248436,79.8,14.15,1003
138,Andhra Pradesh,AP,S01,1,Anakapalli,689109,712301,1401474,561825.0,582294.0,1144120,2014,22,,81.7,81.52919204363897,81.6,14.15,1034
149,Andhra Pradesh,AP,S01,1,Medak,775560,760532,1536166,605044.0,583040.0,1188084,2014,6,,76.7,78.01382227035948,77.3,14.24,981
153,Andhra Pradesh,AP,S01,1,Khammam,712310,727861,1440267,586887.0,592349.0,1179236,2014,17,,81.4,82.39207648355351,81.9,14.18,1022
155,Andhra Pradesh,AP,S01,1,Kakinada,709103,709050,1418290,555263.0,538635.0,1093933,2014,23,,76.0,78.30498531242993,77.1,14.16,1000
156,Andhra Pradesh,AP,S01,1,Narasaraopet,748474,766262,1514861,635270.0,640887.0,1276157,2014,31,,83.6,84.87535973193458,84.2,14.23,1024
157,Andhra Pradesh,AP,S01,1,Vijayawada,781179,783169,1564513,599506.0,589998.0,1189514,2014,29,,75.3,76.74374247131578,76.0,14.26,1003
159,Andhra Pradesh,AP,S01,1,Warangal,771760,765862,1537778,590443.0,580206.0,1170723,2014,15,,75.8,76.50603814657406,76.1,14.25,992
176,Andhra Pradesh,AP,S01,1,Mahabubabad,688341,698868,1387288,560443.0,560406.0,1120853,2014,16,,80.2,81.41938370662216,80.8,14.14,1015
180,Andhra Pradesh,AP,S01,1,Nalgonda,746042,748256,1494343,597237.0,583448.0,1180687,2014,13,,78.0,80.05407202275475,79.0,14.22,1003
186,Andhra Pradesh,AP,S01,1,CHELVELLA,1153061,1031897,2185164,695012.0,617108.0,1312120,2014,10,,59.8,60.27538872618188,60.0,14.6,895
190,Andhra Pradesh,AP,S01,1,Hyderabad,960480,862516,1823217,525811.0,445415.0,971226,2014,9,,51.6,54.74460686323505,53.3,14.42,898
191,Andhra Pradesh,AP,S01,1,Hindupur,734674,711755,1446496,598591.0,572192.0,1170783,2014,37,,80.4,81.47709051906016,80.9,14.18,969
202,Andhra Pradesh,AP,S01,1,Nizamabad,724523,771586,1496193,467172.0,559329.0,1026505,2014,4,,72.5,64.47994059539863,68.6,14.22,1065
204,Andhra Pradesh,AP,S01,1,Kadapa,764947,785380,1550440,583320.0,606195.0,1189516,2014,38,,77.2,76.25626350583767,76.7,14.25,1027
212,Andhra Pradesh,AP,S01,1,Eluru,706952,720738,1427764,600526.0,594189.0,1194720,2014,27,,82.4,84.94579547126254,83.7,14.17,1020
225,Andhra Pradesh,AP,S01,1,Amalapuram,682606,675208,1357865,565013.0,548900.0,1113914,2014,24,,81.3,82.77293196954027,82.0,14.12,989
227,Andhra Pradesh,AP,S01,1,Anantapur,775506,761243,1536894,612936.0,592912.0,1205849,2014,36,,77.9,79.03691267378976,78.5,14.25,982
245,Andhra Pradesh,AP,S01,1,Machilipatnam,675783,693423,1369311,564406.0,569695.0,1134104,2014,28,,82.2,83.51882187033411,82.8,14.13,1026
247,Andhra Pradesh,AP,S01,1,Rajampet,735613,752029,1487791,570991.0,582836.0,1153835,2014,41,,77.5,77.62111327559464,77.6,14.21,1022
291,Assam,AS,S03,1,Kaliabor,752695,704524,1457219,605354.0,561208.0,1166562,2014,55,,79.7,80.42487328864945,80.1,14.19,936
292,Assam,AS,S03,1,Kokrajhar,776151,729307,1505472,636473.0,587031.0,1223504,2014,49,,80.5,82.00375957771104,81.3,14.22,940
300,Assam,AS,S03,1,Barpeta,755566,674622,1430188,634466.0,571414.0,1205880,2014,50,,84.7,83.97228038318293,84.3,14.17,893
301,Assam,AS,S03,1,Tezpur,654866,604702,1259568,505481.0,475043.0,980524,2014,53,,78.6,77.1884629832668,77.8,14.05,923
314,Assam,AS,S03,1,Jorhat,611283,578203,1189486,483784.0,447088.0,930872,2014,56,,77.3,79.14239394846577,78.3,13.99,946
319,Assam,AS,S03,1,Lakhimpur,735340,695740,1431080,572467.0,539555.0,1112022,2014,58,,77.6,77.85065411918296,77.7,14.17,946
327,Assam,AS,S03,1,Dhubri,797235,752931,1550166,709038.0,660085.0,1369123,2014,48,,87.7,88.93713898662251,88.3,14.25,944
334,Assam,AS,S03,1,Gauhati,988067,934203,1922270,784535.0,727081.0,1511616,2014,51,,77.8,79.40099203798933,78.6,14.47,945
335,Assam,AS,S03,1,Nowgong,792425,731446,1523881,639499.0,590545.0,1230044,2014,54,,80.7,80.70151749376913,80.7,14.24,923
336,Assam,AS,S03,1,Mangaldoi,791539,724137,1515676,651247.0,581802.0,1233049,2014,52,,80.3,82.27604704253359,81.4,14.23,915
339,Assam,AS,S03,1,Dibrugarh,579658,544647,1124305,462187.0,428637.0,890824,2014,57,,78.7,79.7344296119436,79.2,13.93,940
342,Assam,AS,S03,1,Karimganj,615198,550799,1165997,481673.0,404641.0,886314,2014,45,,73.5,78.29560564241106,76.0,13.97,895
351,Bihar,BH,S04,1,Munger,937897,782040,1719984,505931.0,408329.0,914268,2014,86,,52.2,53.94313021579129,53.2,14.36,834
361,Bihar,BH,S04,1,Karakat,849474,730224,1580558,457406.0,332394.0,789800,2014,93,,45.5,53.84579163105639,50.0,14.27,860
385,Bihar,BH,S04,1,Purvi Champaran,779657,659560,1439253,442071.0,380577.0,822648,2014,61,,57.7,56.70070300144807,57.2,14.18,846
391,Bihar,BH,S04,1,Madhepura,899152,826507,1725693,508782.0,525869.0,1034651,2014,71,,63.6,56.58464864672491,60.0,14.36,919
394,Bihar,BH,S04,1,Araria,843076,744212,1587332,492513.0,483291.0,975804,2014,67,,64.9,58.41857673566796,61.5,14.28,883
395,Bihar,BH,S04,1,Siwan,841735,722100,1563860,443827.0,440178.0,884005,2014,76,,61.0,52.72763993418356,56.5,14.26,858
403,Bihar,BH,S04,1,Arrah,1016299,808210,1824515,517499.0,375555.0,893054,2014,90,,46.5,50.91995564297515,48.9,14.42,795
407,Bihar,BH,S04,1,Ujiarpur,764186,662004,1426217,433858.0,425047.0,858905,2014,80,,64.2,56.77387442324251,60.2,14.17,866
431,Bihar,BH,S04,1,Gopalganj (SC),871590,783212,1654838,444922.0,458639.0,903561,2014,75,,58.6,51.04716667240331,54.6,14.32,899
433,Bihar,BH,S04,1,Jamui (SC),828406,722499,1550936,415589.0,360008.0,775597,2014,98,,49.8,50.16730926622937,50.0,14.25,872
436,Bihar,BH,S04,1,Begusarai,949825,828874,1778759,545214.0,532151.0,1077365,2014,82,,64.2,57.4015213328771,60.6,14.39,873
437,Bihar,BH,S04,1,Sheohar,792374,693355,1485801,433327.0,409336.0,842663,2014,62,,59.0,54.68718054857933,56.7,14.21,875
453,Bihar,BH,S04,1,Pataliputra,934086,801923,1736074,553018.0,423797.0,976815,2014,89,,52.8,59.20418462539851,56.3,14.37,859
482,Bihar,BH,S04,1,Kishanganj,762874,676103,1438990,471096.0,457126.0,928222,2014,68,,67.6,61.75279272855019,64.5,14.18,886
487,Bihar,BH,S04,1,Nalanda,1036575,915392,1951967,503039.0,418609.0,921648,2014,87,,45.7,48.52895352482937,47.2,14.48,883
490,Bihar,BH,S04,1,Saran,832441,706266,1538740,450511.0,411954.0,862465,2014,78,,58.3,54.119270915296106,56.1,14.25,848
492,Bihar,BH,S04,1,Muzaffarpur,830943,720390,1551363,490949.0,457916.0,948865,2014,73,,63.6,59.08335469460601,61.2,14.25,867
493,Bihar,BH,S04,1,Darbhanga,797254,698177,1495445,407516.0,421741.0,829257,2014,72,,60.4,51.11495207299054,55.5,14.22,876
498,Bihar,BH,S04,1,Madhubani,878017,749809,1627832,413708.0,446640.0,860348,2014,64,,59.6,47.11844987056059,52.9,14.3,854
499,Bihar,BH,S04,1,Maharajganj,874822,767218,1642068,420232.0,426095.0,846327,2014,77,,55.5,48.03628623880058,51.5,14.31,877
500,Bihar,BH,S04,1,Jhanjharpur,895570,772835,1668405,450499.0,490640.0,941139,2014,65,,63.5,50.30304722132273,56.4,14.33,863
512,Bihar,BH,S04,1,Gaya (SC),799210,702311,1501521,442912.0,364010.0,806922,2014,96,,51.8,55.418725991917015,53.7,14.22,879
513,Bihar,BH,S04,1,Aurangabad,825574,710533,1536153,429944.0,355719.0,785663,2014,95,,50.1,52.078190446889074,51.1,14.24,861
514,Bihar,BH,S04,1,Khagaria,800786,705750,1506587,445941.0,450160.0,896101,2014,83,,63.8,55.68791162682665,59.5,14.23,881
515,Bihar,BH,S04,1,Patna Sahib,1052278,893885,1946249,510480.0,369747.0,880227,2014,88,,41.4,48.511895145579395,45.2,14.48,849
516,Bihar,BH,S04,1,Jahanabad,751585,671629,1423246,445501.0,365502.0,811003,2014,94,,54.4,59.274865783643904,57.0,14.17,894
522,Bihar,BH,S04,1,Katihar,769044,677392,1446478,495600.0,481934.0,977534,2014,69,,71.1,64.44364691747157,67.6,14.18,881
525,Bihar,BH,S04,1,Banka,824924,724490,1549456,461297.0,438021.0,899318,2014,85,,60.5,55.91993929137714,58.0,14.25,878
531,Bihar,BH,S04,1,Valmiki Nagar ,786312,670236,1456598,484433.0,415396.0,899838,2014,59,,62.0,61.608242020978956,61.8,14.19,852
532,Bihar,BH,S04,1,Paschim Champaran,769411,643703,1413148,469048.0,385593.0,854641,2014,60,,59.9,60.96195661356544,60.5,14.16,837
533,Bihar,BH,S04,1,Vaishali,841773,724500,1566321,480759.0,445167.0,925926,2014,74,,61.4,57.11266576618637,59.1,14.26,861
535,Bihar,BH,S04,1,Samastipur (SC),802420,702007,1504451,430782.0,432401.0,863183,2014,81,,61.6,53.68535181077241,57.4,14.22,875
536,Bihar,BH,S04,1,Bhagalpur,895185,790098,1685339,522417.0,451535.0,973953,2014,84,,57.1,58.358551584309396,57.8,14.34,883
539,Bihar,BH,S04,1,Sitamarhi,832370,742498,1574914,448849.0,451628.0,900477,2014,63,,60.8,53.924216394151635,57.2,14.27,892
548,Bihar,BH,S04,1,Buxar,877699,762929,1640671,494435.0,394512.0,888947,2014,91,,51.7,56.333093691573076,54.2,14.31,869
557,Bihar,BH,S04,1,Sasaram (SC) ,859397,748291,1607747,448672.0,397016.0,845688,2014,92,,53.1,52.2077689356607,52.6,14.29,871
567,Bihar,BH,S04,1,Nawada,897821,797019,1694895,478247.0,406136.0,884383,2014,97,,51.0,53.267522145282854,52.2,14.34,888
568,Bihar,BH,S04,1,Purnia,826834,755758,1582626,511262.0,506106.0,1017368,2014,70,,67.0,61.833693341105956,64.3,14.27,914
572,Bihar,BH,S04,1,Hajipur (SC),895047,754452,1649547,478157.0,425876.0,904033,2014,79,,56.4,53.42255769808736,54.8,14.32,843
581,Bihar,BH,S04,1,Supaul,797373,728185,1525583,468476.0,502044.0,970520,2014,66,,68.9,58.75242828638542,63.6,14.24,913
606,Gujarat,GJ,S06,1,Sabarkantha,833521,782318,1615840,583583.0,502387.0,1085970,2014,105,,64.2,70.01419280378059,67.2,14.3,939
613,Gujarat,GJ,S06,1,Surendranagar,877745,778910,1656657,539246.0,399328.0,938575,2014,109,,51.3,61.43538271365829,56.7,14.32,887
622,Gujarat,GJ,S06,1,Surat,803829,680212,1484068,538576.0,407928.0,946507,2014,124,,60.0,67.00131495629046,63.8,14.21,846
629,Gujarat,GJ,S06,1,Amreli,777662,708624,1486286,455668.0,349837.0,805505,2014,114,,49.4,58.59460794021053,54.2,14.21,911
637,Gujarat,GJ,S06,1,Panchmahal,820230,756434,1576667,512435.0,414555.0,926990,2014,118,,54.8,62.474549821391555,58.8,14.27,922
640,Gujarat,GJ,S06,1,Banaskantha,796124,719587,1515711,511698.0,371518.0,883216,2014,102,,51.6,64.27365586265456,58.3,14.23,904
641,Gujarat,GJ,S06,1,Bharuch,734862,682658,1417548,562549.0,493760.0,1056319,2014,122,,72.3,76.55165187477377,74.5,14.16,929
656,Gujarat,GJ,S06,1,Chhota Udaipur,798160,738143,1536305,590131.0,504411.0,1094542,2014,121,,68.3,73.93642878620827,71.2,14.24,925
659,Gujarat,GJ,S06,1,Bhavnagar,834571,759936,1594531,516968.0,396013.0,912992,2014,115,,52.1,61.94416053277671,57.3,14.28,911
660,Gujarat,GJ,S06,1,Kachchh,806343,727439,1533782,519100.0,423463.0,942563,2014,101,,58.2,64.37707030382852,61.5,14.24,902
676,Gujarat,GJ,S06,1,Porbandar,807383,731833,1539223,468592.0,335821.0,804415,2014,111,,45.9,58.03837831611515,52.3,14.25,906
687,Gujarat,GJ,S06,1,Kheda,833232,766227,1599476,540239.0,411083.0,951323,2014,117,,53.7,64.83656412619774,59.5,14.29,920
688,Gujarat,GJ,S06,1,Vadodara,849077,789218,1638321,621926.0,533715.0,1155656,2014,120,,67.6,73.24730265924056,70.5,14.31,930
695,Gujarat,GJ,S06,1,Rajkot,864760,790949,1655717,590854.0,461740.0,1052595,2014,110,,58.4,68.32577825061288,63.6,14.32,915
702,Gujarat,GJ,S06,1,Patan,846195,782446,1628641,525799.0,423880.0,949679,2014,103,,54.2,62.13685970727787,58.3,14.3,925
704,Gujarat,GJ,S06,1,Ahmedabad West,800933,733462,1534400,531702.0,428771.0,960475,2014,108,,58.5,66.38532811109043,62.6,14.24,916
705,Gujarat,GJ,S06,1,Ahmedabad East,852765,749057,1601832,557279.0,422980.0,980265,2014,107,,56.5,65.34965670495389,61.2,14.29,878
708,Gujarat,GJ,S06,1,Jamnagar,771003,699937,1470952,484080.0,364974.0,849055,2014,112,,52.1,62.78574791537777,57.7,14.2,908
709,Gujarat,GJ,S06,1,Junagadh,772017,713524,1485543,513928.0,423553.0,937481,2014,113,,59.4,66.56951854687138,63.1,14.21,924
715,Gujarat,GJ,S06,1,Bardoli,829648,784448,1614106,636398.0,567973.0,1204371,2014,123,,72.4,76.70698898810097,74.6,14.29,946
721,Gujarat,GJ,S06,1,Dahod,712183,699578,1411765,466791.0,428519.0,895311,2014,119,,61.3,65.54368750728395,63.4,14.16,982
722,Gujarat,GJ,S06,1,Mahesana,777821,720375,1498219,541116.0,456612.0,997735,2014,104,,63.4,69.56819113909242,66.6,14.22,926
730,Gujarat,GJ,S06,1,Valsad,775073,736988,1512061,580599.0,538185.0,1118784,2014,126,,73.0,74.90894406075299,74.0,14.23,951
735,Gujarat,GJ,S06,1,Anand,781118,715737,1496859,539236.0,427943.0,967179,2014,116,,59.8,69.03387196300686,64.6,14.22,916
738,Gujarat,GJ,S06,1,Gandhinagar,900744,833210,1733972,617164.0,511490.0,1128656,2014,106,,61.4,68.51713694457027,65.1,14.37,925
750,Gujarat,GJ,S06,1,Navsari,972090,792480,1764622,644265.0,512736.0,1157014,2014,125,,64.7,66.27627071567449,65.6,14.38,815
762,Haryana,HR,S07,1,Bhiwani-Mahendragarh,792166,681746,1473912,559428.0,470289.0,1029717,2014,134,,69.0,70.62004680837097,69.9,14.2,861
766,Haryana,HR,S07,1,Sonipat,777824,639364,1417188,551189.0,434412.0,985601,2014,132,,67.9,70.8629458592175,69.5,14.16,822
769,Haryana,HR,S07,1,Sirsa,886303,774254,1660557,692765.0,586098.0,1278863,2014,129,,75.7,78.16344974574157,77.0,14.32,874
770,Haryana,HR,S07,1,Karnal,913321,771000,1684321,666729.0,526629.0,1193358,2014,131,,68.3,73.00051132077331,70.9,14.34,844
789,Haryana,HR,S07,1,Gurgaon,984370,860536,1844906,727100.0,593187.0,1320287,2014,135,,68.9,73.8645021688999,71.6,14.43,874
790,Haryana,HR,S07,1,Ambala,909641,782783,1692424,667712.0,551882.0,1219594,2014,127,,70.5,73.40390329811432,72.1,14.34,861
791,Haryana,HR,S07,1,Hisar,825688,691918,1517606,637448.0,518049.0,1155497,2014,130,,74.9,77.20204241795933,76.1,14.23,838
795,Haryana,HR,S07,1,Kurukshetra,807700,690759,1498459,618481.0,517170.0,1135651,2014,128,,74.9,76.57310882753498,75.8,14.22,855
796,Haryana,HR,S07,1,Faridabad,969407,770945,1740352,651241.0,479430.0,1130671,2014,136,,62.2,67.17931684008884,65.0,14.37,795
803,Haryana,HR,S07,1,Rohtak,850127,717381,1567508,578206.0,465772.0,1043978,2014,133,,64.9,68.01407319141728,66.6,14.26,844
827,Himachal Pradesh,HP,S08,2,Hamirpur,633572,614126,1247699,394620.0,438467.0,833087,2014,139,,71.4,62.28494946115043,66.8,14.04,969
830,Himachal Pradesh,HP,S08,2,Shimla,607137,546225,1153363,403062.0,333715.0,736777,2014,140,,61.1,66.38732279534932,63.9,13.96,900
835,Himachal Pradesh,HP,S08,2,Mandi,587833,562575,1150408,377093.0,347977.0,725070,2014,138,,61.9,64.14968196749757,63.0,13.96,957
838,Himachal Pradesh,HP,S08,2,Kangra,645888,612713,1258601,389575.0,408414.0,797989,2014,137,,66.7,60.31618484938566,63.4,14.05,949
841,Jammu & Kashmir,JK,S09,2,Jammu,977308,870834,1848155,665098.0,587601.0,1252699,2014,146,,67.5,68.05408325727407,67.8,14.43,891
854,Jammu & Kashmir,JK,S09,2,Baramulla,624014,566724,1190766,256288.0,209691.0,465979,2014,141,,37.0,41.07087340989145,39.1,13.99,908
856,Jammu & Kashmir,JK,S09,2,Srinagar,631520,575702,1207230,178779.0,133429.0,312208,2014,142,,23.2,28.30931720293894,25.9,14.0,912
857,Jammu & Kashmir,JK,S09,2,Anantnag,685000,616104,1301143,211595.0,163643.0,375238,2014,143,,26.6,30.88978102189781,28.8,14.08,899
865,Jammu & Kashmir,JK,S09,2,Udhampur,787637,681434,1469072,556791.0,484338.0,1041130,2014,145,,71.1,70.69132100193363,70.9,14.2,865
890,Karnataka,KA,S10,1,Davanagere,772126,750480,1522712,581109.0,533385.0,1114494,2014,159,,71.1,75.26090301323876,73.2,14.24,972
891,Karnataka,KA,S10,1,Bangalore North,1260356,1140751,2401472,720898.0,634569.0,1355485,2014,170,,55.6,57.1979662888898,56.4,14.69,905
892,Karnataka,KA,S10,1,Bijapur,847815,774643,1622635,521090.0,445637.0,966734,2014,150,,57.5,61.46270117891285,59.6,14.3,914
901,Karnataka,KA,S10,1,Chikkodi,746023,696120,1442206,564052.0,506614.0,1070668,2014,147,,72.8,75.6078565942337,74.2,14.18,933
904,Karnataka,KA,S10,1,Chitradurga,844869,816317,1661277,572567.0,524303.0,1096871,2014,164,,64.2,67.76991462581773,66.0,14.32,966
905,Karnataka,KA,S10,1,Dakshina Kannada,774454,790765,1565219,595446.0,611674.0,1207120,2014,163,,77.4,76.8859092986801,77.1,14.26,1021
917,Karnataka,KA,S10,1,Mysore,867893,855100,1723134,596311.0,561022.0,1157346,2014,167,,65.6,68.70789371500865,67.2,14.36,985
920,Karnataka,KA,S10,1,Chamarajanagar,789384,766336,1555781,585063.0,547426.0,1132497,2014,168,,71.4,74.11639962299718,72.8,14.26,971
928,Karnataka,KA,S10,1,Uttara Kannada,742865,707704,1450599,521220.0,479217.0,1000437,2014,158,,67.7,70.16348865540846,69.0,14.19,953
941,Karnataka,KA,S10,1,Chikkballapur ,843790,814500,1658410,652727.0,608718.0,1261451,2014,173,,74.7,77.35656976261866,76.1,14.32,965
947,Karnataka,KA,S10,1,Shimoga,778782,783379,1562243,572307.0,556790.0,1129107,2014,160,,71.1,73.48744578071911,72.3,14.26,1006
950,Karnataka,KA,S10,1,Dharwad,808768,769269,1578125,562867.0,477563.0,1040430,2014,157,,62.1,69.59560714568332,65.9,14.27,951
956,Karnataka,KA,S10,1,Udupi Chikmagalur,679285,707947,1387294,510562.0,522488.0,1033051,2014,161,,73.8,75.16167735192151,74.5,14.14,1042
957,Karnataka,KA,S10,1,Koppal,770316,764694,1535105,526117.0,480597.0,1006716,2014,154,,62.8,68.29885397680951,65.6,14.24,993
958,Karnataka,KA,S10,1,Kolar,755450,737386,1492977,581924.0,544042.0,1125973,2014,174,,73.8,77.03011450129063,75.4,14.22,976
962,Karnataka,KA,S10,1,Bangalore South,1050737,947667,1998724,596688.0,516207.0,1112914,2014,172,,54.5,56.787569106255894,55.7,14.51,902
969,Karnataka,KA,S10,1,Mandya,839052,830121,1669262,604491.0,587306.0,1191805,2014,166,,70.7,72.04452167446118,71.4,14.33,989
975,Karnataka,KA,S10,1,Raichur,835969,825327,1661606,501122.0,467391.0,968513,2014,152,,56.6,59.94504580911493,58.3,14.32,987
978,Karnataka,KA,S10,1,Belgaum,807485,773259,1580895,569642.0,508074.0,1077716,2014,148,,65.7,70.54521136615541,68.2,14.27,958
980,Karnataka,KA,S10,1,Hassan,789847,771551,1561486,585749.0,560755.0,1146508,2014,162,,72.7,74.1598056332429,73.4,14.26,977
986,Karnataka,KA,S10,1,Bellary,750789,737003,1487945,541905.0,503534.0,1045448,2014,155,,68.3,72.17806867175732,70.3,14.21,982
988,Karnataka,KA,S10,1,Bidar,839154,761738,1600962,508036.0,454615.0,962652,2014,153,,59.7,60.54145007948482,60.1,14.29,908
989,Karnataka,KA,S10,1,Bangalore central,1010478,920679,1931456,573657.0,500273.0,1073957,2014,171,,54.3,56.7708549815038,55.6,14.47,911
991,Karnataka,KA,S10,1,Gulbarga,878311,843454,1721990,522778.0,474347.0,997125,2014,151,,56.2,59.52083032092277,57.9,14.36,960
995,Karnataka,KA,S10,1,Bagalkot,793354,775172,1568633,561494.0,517311.0,1078805,2014,149,,66.7,70.77471091089224,68.8,14.27,977
1021,Karnataka,KA,S10,1,Tumkur,764561,753839,1518518,565126.0,535597.0,1100735,2014,165,,71.0,73.91509637556716,72.5,14.23,986
1035,Karnataka,KA,S10,1,Haveri,807076,751596,1558749,594946.0,520512.0,1115458,2014,156,,69.3,73.7162299461265,71.6,14.26,931
1036,Karnataka,KA,S10,1,Bangalore Rural,1135853,1054284,2190398,758651.0,696340.0,1455003,2014,169,,66.0,66.79130133916978,66.4,14.6,928
1072,Kerala,KL,S11,1,Kozhikode,571709,610775,1182484,456299.0,484028.0,940327,2014,179,,79.2,79.81315669335274,79.5,13.98,1068
1077,Kerala,KL,S11,1,Ernakulam,565836,590656,1156492,428604.0,421361.0,849965,2014,186,,71.3,75.74703624371726,73.5,13.96,1044
1080,Kerala,KL,S11,1,Thiruvananthapuram,614438,658310,1272748,433243.0,437404.0,870647,2014,194,,66.4,70.51045020002019,68.4,14.06,1071
1082,Kerala,KL,S11,1,Attingal,575780,675618,1251398,394491.0,462016.0,856507,2014,193,,68.4,68.51418944735836,68.4,14.04,1173
1084,Kerala,KL,S11,1,Vadakara,561168,621336,1182504,436972.0,520810.0,957782,2014,177,,83.8,77.86830325321472,81.0,13.98,1107
1085,Kerala,KL,S11,1,Kottayam,573572,587893,1161465,426604.0,404356.0,830960,2014,188,,68.8,74.37671294972557,71.5,13.97,1025
1088,Kerala,KL,S11,1,Alappuzha,611877,659447,1271324,477034.0,517975.0,995009,2014,189,,78.5,77.96240094005822,78.3,14.06,1078
1090,Kerala,KL,S11,1,Kannur,548454,621812,1170266,438891.0,506993.0,945884,2014,176,,81.5,80.02330186305507,80.8,13.97,1134
1091,Kerala,KL,S11,1,Ponnani,574106,606683,1180789,405012.0,466307.0,871319,2014,181,,76.9,70.54655412066762,73.8,13.98,1057
1108,Kerala,KL,S11,1,Thrissur,606518,668770,1275288,433933.0,485624.0,919557,2014,184,,72.6,71.54495002621522,72.1,14.06,1103
1113,Kerala,KL,S11,1,Wayanad,614822,634598,1249420,454055.0,460171.0,914226,2014,178,,72.5,73.8514561938252,73.2,14.04,1032
1115,Kerala,KL,S11,1,Malappuram,598207,600237,1198444,415672.0,437264.0,852936,2014,180,,72.8,69.4863149378058,71.2,14.0,1003
1121,Kerala,KL,S11,1,Idukki,578849,579886,1158735,424879.0,394103.0,818982,2014,187,,68.0,73.40066234890273,70.7,13.96,1002
1125,Kerala,KL,S11,1,Palakkad,587366,621360,1208726,444249.0,465167.0,909416,2014,182,,74.9,75.63410207604798,75.2,14.01,1058
1129,Kerala,KL,S11,1,Kollam,575296,644119,1219415,406898.0,469024.0,875922,2014,192,,72.8,70.72845978418066,71.8,14.01,1120
1131,Kerala,KL,S11,1,Kasaragod,595047,648683,1243730,459280.0,514333.0,973613,2014,175,,79.3,77.1838190932817,78.3,14.03,1090
1144,Kerala,KL,S11,1,Mavelikkara,592702,659966,1252668,416193.0,470987.0,887180,2014,190,,71.4,70.21960445552739,70.8,14.04,1113
1150,Kerala,KL,S11,1,Pathanamthitta,631495,692411,1323906,425887.0,444099.0,869986,2014,191,,64.1,67.44107237586996,65.7,14.1,1096
1156,Kerala,KL,S11,1,Alathur,591950,624401,1216351,452923.0,474384.0,927307,2014,183,,76.0,76.51372582143762,76.2,14.01,1055
1161,Kerala,KL,S11,1,Chalakudy,565083,585414,1150497,437197.0,446915.0,884112,2014,185,,76.3,77.36863434221168,76.8,13.96,1036
1164,Madhya Pradesh,MP,S12,1,DEWAS,843528,773563,1617111,653540.0,489442.0,1142982,2014,215,,63.3,77.47697764626663,70.7,14.3,917
1174,Madhya Pradesh,MP,S12,1,MANDSOUR,838141,788383,1626556,639978.0,520386.0,1160374,2014,217,,66.0,76.35684210651907,71.3,14.3,941
1175,Madhya Pradesh,MP,S12,1,GUNA,857327,748265,1605613,580802.0,394613.0,975415,2014,198,,52.7,67.74567930322969,60.8,14.29,873
1178,Madhya Pradesh,MP,S12,1,TIKAMGARH,820670,708167,1528863,466852.0,299542.0,766398,2014,200,,42.3,56.88669014341941,50.1,14.24,863
1181,Madhya Pradesh,MP,S12,1,REWA,821800,722919,1544719,457628.0,372259.0,829887,2014,204,,51.5,55.686055001216836,53.7,14.25,880
1184,Madhya Pradesh,MP,S12,1,DAMOH,882818,768760,1651614,558821.0,354514.0,913336,2014,201,,46.1,63.29968351347617,55.3,14.32,871
1190,Madhya Pradesh,MP,S12,1,RATLAM,860924,841625,1702576,569214.0,511452.0,1080666,2014,218,,60.8,66.11663747322643,63.5,14.35,978
1194,Madhya Pradesh,MP,S12,1,UJJAIN,790889,734560,1525481,571019.0,444831.0,1015857,2014,216,,60.6,72.19963863449864,66.6,14.24,929
1201,Madhya Pradesh,MP,S12,1,KHAJURAHO,907340,795472,1702833,517233.0,357041.0,874283,2014,202,,44.9,57.00542244362642,51.3,14.35,877
1204,Madhya Pradesh,MP,S12,1,SATNA,772234,686123,1458381,499873.0,413407.0,913280,2014,203,,60.3,64.73076813504714,62.6,14.19,888
1215,Madhya Pradesh,MP,S12,1,INDORE,1106595,1008635,2115303,736204.0,579670.0,1315896,2014,220,,57.5,66.52876617009836,62.2,14.56,911
1226,Madhya Pradesh,MP,S12,1,SIDHI,915799,820208,1736048,547499.0,441120.0,988619,2014,205,,53.8,59.78375167476706,56.9,14.37,896
1229,Madhya Pradesh,MP,S12,1,VIDISHA,872100,761915,1634039,619102.0,453345.0,1072447,2014,212,,59.5,70.98979474830868,65.6,14.31,874
1240,Madhya Pradesh,MP,S12,1,SHAHDOL,806746,754219,1561016,527809.0,440179.0,967988,2014,206,,58.4,65.424433464808,62.0,14.26,935
1243,Madhya Pradesh,MP,S12,1,SAGAR,815511,704754,1520322,536897.0,354866.0,891772,2014,199,,50.4,65.83565396420158,58.7,14.23,864
1244,Madhya Pradesh,MP,S12,1,GWALIOR,1023937,852908,1876965,594606.0,395609.0,990230,2014,197,,46.4,58.070564888269494,52.8,14.45,833
1250,Madhya Pradesh,MP,S12,1,JABALPUR,898045,813502,1711621,558905.0,443227.0,1002132,2014,207,,54.5,62.235745424783836,58.5,14.35,906
1251,Madhya Pradesh,MP,S12,1,DHAR,858093,810302,1668441,586698.0,489232.0,1075930,2014,219,,60.4,68.37230929514632,64.5,14.33,944
1252,Madhya Pradesh,MP,S12,1,BALAGHAT,822670,807049,1629741,570388.0,540968.0,1111356,2014,209,,67.0,69.33375472546707,68.2,14.3,981
1262,Madhya Pradesh,MP,S12,1,MANDLA,926166,898514,1824702,641219.0,575693.0,1216914,2014,208,,64.1,69.23370108598242,66.7,14.42,970
1283,Madhya Pradesh,MP,S12,1,CHHINDWARA,722052,679956,1402038,584697.0,522618.0,1107315,2014,210,,76.9,80.97713184092005,79.0,14.15,942
1285,Madhya Pradesh,MP,S12,1,MORENA,938787,763635,1702457,538721.0,315516.0,854238,2014,195,,41.3,57.384795486090034,50.2,14.35,813
1290,Madhya Pradesh,MP,S12,1,RAJGARH,827021,751717,1578757,597753.0,412196.0,1009952,2014,214,,54.8,72.27785026015059,64.0,14.27,909
1311,Madhya Pradesh,MP,S12,1,HOSHANGABAD,835566,732614,1568206,593375.0,436990.0,1030365,2014,211,,59.6,71.01473731578355,65.7,14.27,877
1326,Madhya Pradesh,MP,S12,1,BHOPAL,1039153,918021,1957241,639634.0,490428.0,1130069,2014,213,,53.4,61.55339973998054,57.7,14.49,883
1329,Madhya Pradesh,MP,S12,1,BETUL,836846,770954,1607831,573928.0,473282.0,1047231,2014,223,,61.4,68.58227200703594,65.1,14.29,921
1330,Madhya Pradesh,MP,S12,1,BHIND,892173,707938,1600137,469662.0,259501.0,729163,2014,196,,36.7,52.64248077446862,45.6,14.29,793
1331,Madhya Pradesh,MP,S12,1,KHANDWA,912764,846610,1759417,677300.0,578287.0,1255596,2014,222,,68.3,74.20318943341324,71.4,14.38,928
1332,Madhya Pradesh,MP,S12,1,KHARGONE,866905,836341,1703272,613926.0,537792.0,1151722,2014,221,,64.3,70.81814039600648,67.6,14.35,965
1363,Maharashtra,MH,S13,1,Madha,912715,814603,1727322,594868.0,483305.0,1078173,2014,266,,59.3,65.17565724240316,62.4,14.36,893
1368,Maharashtra,MH,S13,1,Solapur,893734,808990,1702739,526695.0,423356.0,950051,2014,265,,52.3,58.931964096699915,55.8,14.35,905
1376,Maharashtra,MH,S13,1,Nanded,878520,808528,1687057,548032.0,462233.0,1010265,2014,239,,57.2,62.38127760324181,59.9,14.34,920
1390,Maharashtra,MH,S13,1,Mumbai North West,986704,788712,1775416,504202.0,393043.0,897245,2014,250,,49.8,51.09962055489792,50.5,14.39,799
1397,Maharashtra,MH,S13,1,Nashik,850699,743058,1593774,523318.0,412087.0,935405,2014,244,,55.5,61.516235472241064,58.7,14.28,873
1399,Maharashtra,MH,S13,1,Baramati,960395,853153,1813553,602117.0,463496.0,1065613,2014,258,,54.3,62.69472456645443,58.8,14.41,888
1406,Maharashtra,MH,S13,1,Shirur,973132,850960,1824112,613290.0,475412.0,1088702,2014,259,,55.9,63.02228269135123,59.7,14.42,874
1407,Maharashtra,MH,S13,1,Pune,949561,886266,1835835,533792.0,459588.0,993382,2014,257,,51.9,56.2146086454688,54.1,14.42,933
1408,Maharashtra,MH,S13,1,Jalgaon,909058,798886,1707969,550503.0,439312.0,989821,2014,226,,55.0,60.557522182303,58.0,14.35,879
1413,Maharashtra,MH,S13,1,Jalna,866612,745444,1612056,595979.0,469547.0,1065526,2014,241,,63.0,68.77114556456638,66.1,14.29,860
1430,Maharashtra,MH,S13,1,Buldhana,844789,750643,1595435,535827.0,442565.0,978392,2014,228,,59.0,63.427317353800774,61.3,14.28,889
1445,Maharashtra,MH,S13,1,Parbhani,945901,857880,1803792,637677.0,523946.0,1161624,2014,240,,61.1,67.41477173615421,64.4,14.41,907
1459,Maharashtra,MH,S13,1,Nagpur,980485,920265,1900784,578754.0,504850.0,1083604,2014,233,,54.9,59.027318112974704,57.0,14.46,939
1460,Maharashtra,MH,S13,1,Mumbai North central,967468,769592,1737084,472010.0,372857.0,844867,2014,252,,48.4,48.788176973295236,48.6,14.37,795
1467,Maharashtra,MH,S13,1,Osmanabad,934227,824943,1759186,611537.0,505020.0,1116572,2014,263,,61.2,65.45914429790618,63.5,14.38,883
1475,Maharashtra,MH,S13,1,Hatkanangle,850721,779846,1630604,630470.0,556249.0,1186727,2014,271,,71.3,74.11007839232839,72.8,14.3,917
1481,Maharashtra,MH,S13,1,Amravati,848217,764503,1612739,554649.0,446414.0,1001063,2014,230,,58.4,65.38998864677316,62.1,14.29,901
1484,Maharashtra,MH,S13,1,Maval,1035961,917770,1953741,646904.0,527044.0,1173949,2014,256,,57.4,62.444821764525884,60.1,14.49,886
1487,Maharashtra,MH,S13,1,Akola,882014,790609,1672643,543956.0,433633.0,977589,2014,229,,54.8,61.67203695179442,58.4,14.33,896
1491,Maharashtra,MH,S13,1,Sangli,861582,787493,1649107,556695.0,486169.0,1042869,2014,267,,61.7,64.6131186584678,63.2,14.32,914
1494,Maharashtra,MH,S13,1,Ratnagiri - sindhudurg,665658,701697,1367362,444269.0,451748.0,896017,2014,269,,64.4,66.74132963173281,65.5,14.13,1054
1495,Maharashtra,MH,S13,1,Ahmadnagar,902928,802016,1705005,594749.0,465801.0,1060551,2014,260,,58.1,65.86892864104335,62.2,14.35,888
1496,Maharashtra,MH,S13,1,Mumbai South central,793802,654025,1447886,424310.0,343790.0,768130,2014,253,,52.6,53.45287615803437,53.1,14.19,824
1511,Maharashtra,MH,S13,1,Gadchiroli-Chimur,752751,715686,1468437,537674.0,489980.0,1027654,2014,235,,68.5,71.42786924228595,70.0,14.2,951
1520,Maharashtra,MH,S13,1,Ramtek,887228,790024,1677266,576271.0,473007.0,1049278,2014,232,,59.9,64.95185003178439,62.6,14.33,890
1524,Maharashtra,MH,S13,1,Palghar,830398,747673,1578149,531904.0,460337.0,992280,2014,245,,61.6,64.05410417655149,62.9,14.27,900
1529,Maharashtra,MH,S13,1,Latur,902170,784780,1686957,576599.0,477934.0,1054533,2014,264,,60.9,63.912455523903475,62.5,14.34,870
1540,Maharashtra,MH,S13,1,Kalyan,1044943,876995,1922034,472077.0,352517.0,824652,2014,247,,40.2,45.17729675207164,42.9,14.47,839
1546,Maharashtra,MH,S13,1,Yavatmal-Washim,921276,834010,1755292,564176.0,467163.0,1031339,2014,237,,56.0,61.23854306418489,58.8,14.38,905
1555,Maharashtra,MH,S13,1,Aurangabad,846011,743384,1589395,554458.0,428022.0,982480,2014,242,,57.6,65.53791853770224,61.8,14.28,879
1564,Maharashtra,MH,S13,1,Thane,1141737,931467,2073251,590956.0,462684.0,1053658,2014,248,,49.7,51.7593806629723,50.8,14.54,816
1573,Maharashtra,MH,S13,1,Wardha,817514,747024,1564552,553504.0,458674.0,1012178,2014,231,,61.4,67.70575182810325,64.7,14.26,914
1576,Maharashtra,MH,S13,1,Bhandara - gondiya,841257,814592,1655852,615597.0,580693.0,1196291,2014,234,,71.3,73.17585470314066,72.2,14.32,968
1577,Maharashtra,MH,S13,1,Dindori,808116,722062,1530208,546617.0,422882.0,969499,2014,243,,58.6,67.6409079884571,63.4,14.24,894
1580,Maharashtra,MH,S13,1,Bhiwandi,945521,751031,1696584,502705.0,372339.0,875044,2014,246,,49.6,53.16698412832713,51.6,14.34,794
1581,Maharashtra,MH,S13,1,Hingoli,839540,746644,1586194,575663.0,473420.0,1049085,2014,238,,63.4,68.56885913714653,66.1,14.28,889
1584,Maharashtra,MH,S13,1,Mumbai North,972753,811110,1783870,527247.0,418394.0,945642,2014,249,,51.6,54.201529062362184,53.0,14.39,834
1586,Maharashtra,MH,S13,1,Raigad,752491,780290,1532781,485550.0,502232.0,987782,2014,255,,64.4,64.52568867933304,64.4,14.24,1037
1588,Maharashtra,MH,S13,1,Dhule,879332,796027,1675367,540775.0,438455.0,979230,2014,225,,55.1,61.49838741226294,58.4,14.33,905
1593,Maharashtra,MH,S13,1,Mumbai North East,923016,745254,1668357,485677.0,375903.0,861638,2014,251,,50.4,52.618481153089434,51.6,14.33,807
1594,Maharashtra,MH,S13,1,Shirdi,768181,694085,1462267,519824.0,412130.0,931954,2014,261,,59.4,67.66946852369429,63.7,14.2,904
1595,Maharashtra,MH,S13,1,Beed,963569,829083,1792652,680369.0,551091.0,1231460,2014,262,,66.5,70.60926617606005,68.7,14.4,860
1596,Maharashtra,MH,S13,1,Nandurbar,852313,820622,1672943,583431.0,530953.0,1114384,2014,224,,64.7,68.45266938319608,66.6,14.33,963
1604,Maharashtra,MH,S13,1,Raver,842701,750674,1593389,555229.0,455617.0,1010846,2014,227,,60.7,65.88683293362652,63.4,14.28,891
1606,Maharashtra,MH,S13,1,Satara,883947,836051,1719998,519148.0,456561.0,975709,2014,268,,54.6,58.730670504000805,56.7,14.36,946
1608,Maharashtra,MH,S13,1,Kolhapur,909286,849002,1758293,663565.0,595421.0,1258986,2014,270,,70.1,72.97648924540793,71.6,14.38,934
1622,Maharashtra,MH,S13,1,Mumbai South,828962,656867,1485844,436292.0,342366.0,778666,2014,254,,52.1,52.631121812580076,52.4,14.21,792
1625,Maharashtra,MH,S13,1,Chandrapur,921095,832595,1753690,602269.0,506480.0,1108749,2014,236,,60.8,65.38619794918004,63.2,14.38,904
1659,Nagaland,NL,S17,2,Nagaland,600518,582454,1182972,528703.0,510521.0,1039224,2014,277,,87.7,88.04115780043229,87.8,13.98,970
1664,Odisha,OD,S18,1,Sundargarh,718689,691817,1410532,515013.0,493933.0,1008946,2014,279,,71.4,71.66006436720195,71.5,14.16,963
1675,Odisha,OD,S18,1,Balasore,709342,656857,1366218,531346.0,516773.0,1048119,2014,283,,78.7,74.90688553617296,76.7,14.13,926
1680,Odisha,OD,S18,1,Koraput,629268,671019,1300437,485037.0,504205.0,989243,2014,298,,75.1,77.07955910677168,76.1,14.08,1066
1688,Odisha,OD,S18,1,Nabarangpur,645875,651286,1297210,512473.0,509104.0,1021577,2014,289,,78.2,79.34553899748403,78.8,14.08,1008
1689,Odisha,OD,S18,1,Bhubaneswar ,835850,691665,1527768,485138.0,406314.0,891460,2014,295,,58.7,58.041275348447684,58.4,14.24,827
1710,Odisha,OD,S18,1,Bhadrak,774566,694893,1469498,537329.0,541995.0,1079324,2014,284,,78.0,69.37162230203752,73.4,14.2,897
1717,Odisha,OD,S18,1,Puri,742939,661592,1404581,568551.0,469388.0,1037939,2014,294,,70.9,76.52727882100685,73.9,14.16,891
1723,Odisha,OD,S18,1,Aska,750999,657756,1408780,449644.0,446046.0,895690,2014,296,,67.8,59.8727827866615,63.6,14.16,876
1729,Odisha,OD,S18,1,Kandhamal,582340,561228,1143602,422515.0,416406.0,838921,2014,290,,74.2,72.5546931345949,73.4,13.95,964
1734,Odisha,OD,S18,1,Berhampur,680089,654171,1334268,450468.0,454066.0,904534,2014,297,,69.4,66.23662491232764,67.8,14.1,962
1747,Odisha,OD,S18,1,Sambalpur,669036,627982,1297098,504240.0,476826.0,981068,2014,280,,75.9,75.36814162466594,75.6,14.08,939
1754,Odisha,OD,S18,1,Bargarh,751140,679485,1430717,595871.0,526985.0,1122864,2014,278,,77.6,79.3288867587933,78.5,14.17,905
1761,Odisha,OD,S18,1,Jagatsinghpur,797923,701680,1499673,587440.0,544083.0,1131526,2014,293,,77.5,73.62113888182193,75.5,14.22,879
1762,Odisha,OD,S18,1,Cuttack,731912,639680,1371617,522746.0,455864.0,978610,2014,291,,71.3,71.42197422640973,71.3,14.13,874
1763,Odisha,OD,S18,1,Kendrapara,828491,726929,1555444,577477.0,558439.0,1135916,2014,292,,76.8,69.70226592684773,73.0,14.26,877
1765,Odisha,OD,S18,1,Keonjhar,691369,655285,1346683,550293.0,532437.0,1082730,2014,281,,81.3,79.59468822003879,80.4,14.11,948
1767,Odisha,OD,S18,1,Kalahandi,750694,723392,1474135,576088.0,539704.0,1115803,2014,288,,74.6,76.74072258470163,75.7,14.2,964
1768,Odisha,OD,S18,1,Bolangir,814968,747976,1563025,605683.0,563394.0,1169117,2014,287,,75.3,74.3198505953608,74.8,14.26,918
1772,Odisha,OD,S18,1,Jajpur,696385,607337,1303733,522476.0,456676.0,979152,2014,285,,75.2,75.02688886176469,75.1,14.08,872
1773,Odisha,OD,S18,1,Mayurbhanj,670100,657438,1327555,522251.0,528655.0,1050906,2014,282,,80.4,77.9362781674377,79.2,14.1,981
1783,Odisha,OD,S18,1,Dhenkanal,722329,641088,1363471,551212.0,488983.0,1040200,2014,286,,76.3,76.31037934237723,76.3,14.13,888
1798,Punjab,PB,S19,1,Anandpur Sahib,817186,747512,1564721,554688.0,532346.0,1087034,2014,304,,71.2,67.87781484264292,69.5,14.26,915
1802,Punjab,PB,S19,1,Firozpur,808857,713236,1522111,590404.0,514569.0,1104973,2014,308,,72.1,72.9923830788384,72.6,14.24,882
1807,Punjab,PB,S19,1,Sangrur,758197,666535,1424743,583555.0,516181.0,1099736,2014,310,,77.4,76.96614468271439,77.2,14.17,879
1811,Punjab,PB,S19,1,Gurdaspur,784477,715839,1500337,532763.0,509586.0,1042349,2014,299,,71.2,67.913144681106,69.5,14.22,913
1813,Punjab,PB,S19,1,Fatehgarh Sahib,740390,656554,1396957,551095.0,479741.0,1030836,2014,306,,73.1,74.43306905819905,73.8,14.15,887
1823,Punjab,PB,S19,1,Ludhiana,835632,725551,1561201,601709.0,499984.0,1101693,2014,305,,68.9,72.0064573879411,70.6,14.26,868
1842,Punjab,PB,S19,1,Jalandhar,808530,742954,1551497,532265.0,508444.0,1040709,2014,302,,68.4,65.8311998317935,67.1,14.25,919
1850,Punjab,PB,S19,1,Bathinda,813119,712156,1525289,626895.0,549533.0,1176428,2014,309,,77.2,77.09757120421487,77.1,14.24,876
1852,Punjab,PB,S19,1,Khadoor Sahib,817134,746233,1563409,534962.0,505352.0,1040314,2014,301,,67.7,65.46808724150507,66.5,14.26,913
1854,Punjab,PB,S19,1,Amritsar,779164,698076,1477262,537622.0,469488.0,1007110,2014,300,,67.3,68.99985112248513,68.2,14.21,896
1859,Punjab,PB,S19,1,Faridkot,768206,686848,1455075,547017.0,484634.0,1031651,2014,307,,70.6,71.2070720614002,70.9,14.19,894
1861,Punjab,PB,S19,1,Hoshiarpur,762065,723207,1485286,473084.0,487516.0,960600,2014,303,,67.4,62.07921896426157,64.7,14.21,949
1864,Punjab,PB,S19,1,Patiala,834231,746037,1580273,593609.0,527264.0,1120873,2014,311,,70.7,71.15643029328808,70.9,14.27,894
1874,Rajasthan,RJ,S20,1,KARAULI-DHOLPUR,845548,703920,1549468,491202.0,353973.0,845175,2014,321,,50.3,58.09273985628255,54.5,14.25,833
1875,Rajasthan,RJ,S20,1,Chittorgarh,929217,890287,1819506,630617.0,539259.0,1169876,2014,332,,60.6,67.86541787332776,64.3,14.41,958
1879,Rajasthan,RJ,S20,1,Bhilwara,904045,850856,1754901,580533.0,521628.0,1102161,2014,334,,61.3,64.21505566647679,62.8,14.38,941
1880,Rajasthan,RJ,S20,1,Dausa,814648,709447,1524100,518917.0,409839.0,928756,2014,322,,57.8,63.69830896288949,60.9,14.24,871
1899,Rajasthan,RJ,S20,1,Ajmer,869322,813938,1683261,613187.0,540384.0,1153571,2014,324,,66.4,70.5362339846455,68.5,14.34,936
1902,Rajasthan,RJ,S20,1,Rajsamand,880398,820791,1701194,506425.0,471078.0,977503,2014,333,,57.4,57.522279696228296,57.5,14.35,932
1920,Rajasthan,RJ,S20,1,Jalore,964046,860922,1824968,581247.0,506374.0,1087621,2014,329,,58.8,60.29245492435008,59.6,14.42,893
1921,Rajasthan,RJ,S20,1,TONK-SAWAI MADHOPUR,910730,800045,1710775,583732.0,459375.0,1043107,2014,323,,57.4,64.09495679290241,61.0,14.35,878
1924,Rajasthan,RJ,S20,1,Churu,928059,825765,1753825,598297.0,529280.0,1127578,2014,314,,64.1,64.46756079085489,64.3,14.38,890
1934,Rajasthan,RJ,S20,1,Ganganagar,909749,808665,1718414,678212.0,573241.0,1251453,2014,312,,70.9,74.54935372284004,72.8,14.36,889
1955,Rajasthan,RJ,S20,1,Jaipur,1047469,910349,1957820,714851.0,578288.0,1293139,2014,318,,63.5,68.24555189700125,66.0,14.49,869
1957,Rajasthan,RJ,S20,1,Kota,913387,831152,1744539,632156.0,518136.0,1150292,2014,335,,62.3,69.2100938594484,65.9,14.37,910
1962,Rajasthan,RJ,S20,1,Jhunjhunu,894068,803402,1697470,521812.0,479727.0,1001539,2014,315,,59.7,58.36379335799962,59.0,14.34,899
1964,Rajasthan,RJ,S20,1,Pali,998413,903678,1902094,578674.0,512314.0,1090988,2014,326,,56.7,57.959381538501596,57.4,14.46,905
1966,Rajasthan,RJ,S20,1,Banswara,866441,831800,1698244,578240.0,590772.0,1169012,2014,331,,71.0,66.73737738634252,68.8,14.35,960
1967,Rajasthan,RJ,S20,1,Barmer,896867,783282,1680152,653991.0,562013.0,1216004,2014,328,,71.8,72.91950757470171,72.4,14.33,873
1977,Rajasthan,RJ,S20,1,Sikar,943691,826191,1769882,552960.0,507618.0,1060578,2014,316,,61.4,58.59545126529765,59.9,14.39,875
1979,Rajasthan,RJ,S20,1,JHALAWAR-BARAN,868979,800865,1669844,635617.0,510625.0,1146242,2014,336,,63.8,73.14526588099368,68.6,14.33,922
1981,Rajasthan,RJ,S20,1,Bikaner,847726,744629,1592355,526374.0,402281.0,928655,2014,313,,54.0,62.09246855705736,58.3,14.28,878
1988,Rajasthan,RJ,S20,1,Udaipur,930007,887933,1817940,599307.0,589859.0,1189166,2014,330,,66.4,64.44112786247845,65.4,14.41,955
2005,Rajasthan,RJ,S20,1,BHARATPUR,910990,779714,1690705,547046.0,413081.0,960127,2014,320,,53.0,60.049616351441834,56.8,14.34,856
2008,Rajasthan,RJ,S20,1,Jodhpur,910621,817170,1727791,596225.0,475258.0,1071483,2014,327,,58.2,65.47454978525643,62.0,14.36,897
2009,Rajasthan,RJ,S20,1,Alwar,870044,756398,1626442,585823.0,473846.0,1059669,2014,319,,62.6,67.33257168602968,65.2,14.3,869
2012,Rajasthan,RJ,S20,1,Nagaur,886728,791932,1678660,531452.0,469913.0,1001365,2014,325,,59.3,59.934049674759336,59.7,14.33,893
2013,Rajasthan,RJ,S20,1,Jaipur Rural,906858,793449,1700307,556476.0,452621.0,1009097,2014,317,,57.0,61.36307999708885,59.3,14.35,875
2022,Tamil Nadu,TN,S22,1,Thiruvallur,852794,849777,1702833,644387.0,609702.0,1254112,2014,338,,71.7,75.56185901870792,73.6,14.35,996
2023,Tamil Nadu,TN,S22,1,Madurai,717175,724206,1441434,483389.0,490525.0,973940,2014,369,,67.7,67.40181963955798,67.6,14.18,1010
2026,Tamil Nadu,TN,S22,1,Chidambaram ,686862,679307,1366190,530346.0,556097.0,1086444,2014,364,,81.9,77.21288992548722,79.5,14.13,989
2036,Tamil Nadu,TN,S22,1,Nilgiris,629707,639433,1269173,472256.0,458764.0,931024,2014,356,,71.7,74.99614900263138,73.4,14.05,1015
2049,Tamil Nadu,TN,S22,1,Pollachi,686943,694524,1381505,513435.0,496880.0,1010321,2014,358,,71.5,74.74200916233225,73.1,14.14,1011
2050,Tamil Nadu,TN,S22,1,Arakkonam,693100,708671,1401813,543169.0,543863.0,1087042,2014,344,,76.7,78.36805655749531,77.5,14.15,1022
2052,Tamil Nadu,TN,S22,1,Tirunelveli,705592,714823,1420435,468701.0,492310.0,961013,2014,375,,68.9,66.42663182122246,67.7,14.17,1013
2054,Tamil Nadu,TN,S22,1,Theni,720709,720492,1441302,528940.0,546154.0,1075107,2014,370,,75.8,73.39161853119637,74.6,14.18,1000
2055,Tamil Nadu,TN,S22,1,Sriperumbudur,982862,963377,1946503,665892.0,620230.0,1286127,2014,342,,64.4,67.75030472233131,66.1,14.48,980
2069,Tamil Nadu,TN,S22,1,Tiruppur,697730,677801,1375589,543168.0,505372.0,1048544,2014,355,,74.6,77.84787811904317,76.2,14.13,971
2072,Tamil Nadu,TN,S22,1,Nagapattinam ,606339,604280,1210626,452899.0,486855.0,939756,2014,366,,80.6,74.69402429993782,77.6,14.01,997
2077,Tamil Nadu,TN,S22,1,Thoothukkudi ,651207,659197,1310406,448396.0,466414.0,914811,2014,373,,70.8,68.8561394456755,69.8,14.09,1012
2080,Tamil Nadu,TN,S22,1,Coimbatore,869033,851127,1720221,608444.0,565861.0,1174312,2014,357,,66.5,70.01391201484869,68.3,14.36,979
2095,Tamil Nadu,TN,S22,1,Chennai North,707700,714428,1422392,463981.0,445554.0,909539,2014,339,,62.4,65.5618199802176,63.9,14.17,1010
2105,Tamil Nadu,TN,S22,1,Salem,759981,738253,1498350,593293.0,555869.0,1149174,2014,352,,75.3,78.06682009155492,76.7,14.22,971
2107,Tamil Nadu,TN,S22,1,Ramanathapuram,731526,724382,1455988,465142.0,534167.0,999323,2014,372,,73.7,63.58516307007543,68.6,14.19,990
2113,Tamil Nadu,TN,S22,1,Karur,641693,656598,1298322,510504.0,533334.0,1043857,2014,360,,81.2,79.55580004768635,80.4,14.08,1023
2115,Tamil Nadu,TN,S22,1,Tiruchirappalli,689228,697829,1387140,490711.0,494904.0,985655,2014,361,,70.9,71.1971945422995,71.1,14.14,1012
2121,Tamil Nadu,TN,S22,1,Perambalur,634391,651159,1285576,498647.0,528957.0,1027622,2014,362,,81.2,78.60247071600953,79.9,14.07,1026
2125,Tamil Nadu,TN,S22,1,Thanjavur,662571,677465,1340050,480904.0,528697.0,1009604,2014,367,,78.0,72.58150447272821,75.3,14.11,1022
2130,Tamil Nadu,TN,S22,1,Viluppuram,694932,691942,1387007,535359.0,528788.0,1064158,2014,350,,76.4,77.03760943516775,76.7,14.14,996
2135,Tamil Nadu,TN,S22,1,Namakkal,661113,668368,1329552,532212.0,526436.0,1058676,2014,353,,78.8,80.502425455255,79.6,14.1,1011
2144,Tamil Nadu,TN,S22,1,Tenkasi,688958,693084,1382081,489624.0,525986.0,1015613,2014,374,,75.9,71.06732195576508,73.5,14.14,1006
2153,Tamil Nadu,TN,S22,1,Krishnagiri,705468,674363,1379957,546295.0,522804.0,1069117,2014,346,,77.5,77.43724733084989,77.5,14.14,956
2160,Tamil Nadu,TN,S22,1,Cuddalore,625652,622218,1247908,485201.0,497002.0,982208,2014,363,,79.9,77.55125852710452,78.7,14.04,995
2165,Tamil Nadu,TN,S22,1,Sivaganga,704489,707884,1412373,474734.0,551559.0,1026293,2014,368,,77.9,67.38699965506913,72.7,14.16,1005
2166,Tamil Nadu,TN,S22,1,Kanniyakumari,743378,724348,1467796,488828.0,501284.0,990114,2014,376,,69.2,65.75766299244799,67.5,14.2,974
2171,Tamil Nadu,TN,S22,1,Tiruvannamalai,675321,677622,1352966,527265.0,536809.0,1064076,2014,348,,79.2,78.07620376087816,78.6,14.12,1003
2196,Tamil Nadu,TN,S22,1,Chennai South,901211,894252,1795776,556403.0,527433.0,1083847,2014,340,,59.0,61.73948165302021,60.4,14.4,992
2199,Tamil Nadu,TN,S22,1,Kallakurichi,707219,705147,1412499,541221.0,562429.0,1103662,2014,351,,79.8,76.52806273587107,78.1,14.16,997
2201,Tamil Nadu,TN,S22,1,Erode,656661,664670,1321399,510564.0,495852.0,1006429,2014,354,,74.6,77.7515338964854,76.2,14.09,1012
2214,Tamil Nadu,TN,S22,1,Chennai central,665282,662504,1328038,421903.0,392161.0,814079,2014,341,,59.2,63.41716745680779,61.3,14.1,996
2221,Tamil Nadu,TN,S22,1,Mayiladuthurai,679940,670377,1350318,503104.0,520845.0,1023950,2014,365,,77.7,73.99241109509663,75.8,14.12,986
2224,Tamil Nadu,TN,S22,1,Arani,683921,685715,1369668,546222.0,546279.0,1092502,2014,349,,79.7,79.86624186126761,79.8,14.13,1003
2227,Tamil Nadu,TN,S22,1,Kancheepuram,736993,742956,1480123,572957.0,554099.0,1127056,2014,343,,74.6,77.74252944057814,76.1,14.21,1008
2236,Tamil Nadu,TN,S22,1,Virudhunagar ,669589,680818,1350495,496203.0,512880.0,1009119,2014,371,,75.3,74.10560806703815,74.7,14.12,1017
2238,Tamil Nadu,TN,S22,1,Vellore,652066,660173,1312259,483341.0,490341.0,973687,2014,345,,74.3,74.12455180917269,74.2,14.09,1012
2251,Tamil Nadu,TN,S22,1,Dharmapuri,696496,661700,1358273,567657.0,533724.0,1101416,2014,347,,80.7,81.50183202775034,81.1,14.12,950
2252,Tamil Nadu,TN,S22,1,Dindigul,696160,704264,1400531,538102.0,544003.0,1082129,2014,359,,77.2,77.29573661227303,77.3,14.15,1012
2263,Tripura,TR,S23,2,Tripura East,581604,558672,1140276,486129.0,459313.0,945442,2014,378,,82.2,83.5841913054243,82.9,13.95,961
2264,Tripura,TR,S23,2,Tripura West,635974,612572,1248546,543278.0,523020.0,1066298,2014,377,,85.4,85.42456138144013,85.4,14.04,963
2269,Uttar Pradesh,UP,S24,1,Varanasi,985395,781000,1766487,593071.0,436735.0,1029816,2014,455,,55.9,60.186118257145615,58.3,14.38,793
2272,Uttar Pradesh,UP,S24,1,Etah,856985,720450,1577457,520186.0,405831.0,926017,2014,400,,56.3,60.699545499629515,58.7,14.27,841
2283,Uttar Pradesh,UP,S24,1,Kannauj,1000035,808799,1808886,629125.0,484744.0,1113869,2014,420,,59.9,62.910298139565114,61.6,14.41,809
2284,Uttar Pradesh,UP,S24,1,Amethi,890648,779148,1669843,461524.0,413341.0,874865,2014,415,,53.1,51.818900396116085,52.4,14.33,875
2294,Uttar Pradesh,UP,S24,1,Mathura,931944,750142,1682260,619776.0,457879.0,1077656,2014,395,,61.0,66.50356673791559,64.1,14.34,805
2304,Uttar Pradesh,UP,S24,1,Hardoi,939831,774501,1714388,565516.0,407349.0,972865,2014,409,,52.6,60.17209477022997,56.7,14.35,824
2307,Uttar Pradesh,UP,S24,1,Lalganj,906738,754613,1661470,456872.0,441988.0,898860,2014,446,,58.6,50.38632989904471,54.1,14.32,832
2316,Uttar Pradesh,UP,S24,1,Sultanpur,910134,793521,1703698,499563.0,465648.0,965211,2014,416,,58.7,54.88895041829005,56.7,14.35,872
2317,Uttar Pradesh,UP,S24,1,Misrikh,948316,777207,1725589,574416.0,423674.0,998090,2014,410,,54.5,60.57221432518275,57.8,14.36,820
2327,Uttar Pradesh,UP,S24,1,Kaushambi,954848,783372,1738509,491070.0,418758.0,909828,2014,428,,53.5,51.42912798686283,52.3,14.37,820
2330,Uttar Pradesh,UP,S24,1,Bareilly,911264,752773,1664081,574826.0,441899.0,1016728,2014,403,,58.7,63.08007339256242,61.1,14.32,826
2331,Uttar Pradesh,UP,S24,1,Shahjahanpur ,1100020,879139,1979294,663380.0,464707.0,1128087,2014,405,,52.9,60.30617625134088,57.0,14.5,799
2338,Uttar Pradesh,UP,S24,1,Dhaurahra,846798,711151,1558041,605084.0,454769.0,1059867,2014,407,,63.9,71.45553012642921,68.0,14.26,840
2342,Uttar Pradesh,UP,S24,1,Hathras,969908,788925,1758927,596865.0,452373.0,1049240,2014,394,,57.3,61.538310850101254,59.7,14.38,813
2346,Uttar Pradesh,UP,S24,1,Meerut,971956,792318,1764388,631761.0,479781.0,1111542,2014,388,,60.6,64.99892999271572,63.0,14.38,815
2348,Uttar Pradesh,UP,S24,1,Salempur,904632,756980,1661737,450187.0,404269.0,854457,2014,449,,53.4,49.76465568319494,51.4,14.32,837
2353,Uttar Pradesh,UP,S24,1,Badaun,978040,791044,1769145,595106.0,431771.0,1026884,2014,401,,54.6,60.846795632080486,58.0,14.39,809
2371,Uttar Pradesh,UP,S24,1,Jaunpur,1002938,845831,1848842,527140.0,479177.0,1006317,2014,451,,56.7,52.55957995409487,54.4,14.43,843
2380,Uttar Pradesh,UP,S24,1,Lucknow,1052171,897693,1949956,580513.0,450547.0,1031060,2014,413,,50.2,55.17287589184647,52.9,14.48,853
2381,Uttar Pradesh,UP,S24,1,Aligarh,965995,827010,1793126,596880.0,467715.0,1064597,2014,393,,56.6,61.78913969534003,59.4,14.4,856
2384,Uttar Pradesh,UP,S24,1,Bulandshahr,930827,805499,1736436,549613.0,459467.0,1009095,2014,392,,57.0,59.045665843384434,58.1,14.37,865
2386,Uttar Pradesh,UP,S24,1,Deoria,997314,809319,1806926,508083.0,462357.0,970443,2014,444,,57.1,50.945138642393474,53.7,14.41,811
2388,Uttar Pradesh,UP,S24,1,Bhadohi,1016000,818442,1834598,527390.0,454368.0,981760,2014,456,,55.5,51.90846456692913,53.5,14.42,806
2393,Uttar Pradesh,UP,S24,1,Domariyaganj ,961957,799313,1761415,490089.0,444938.0,935027,2014,438,,55.7,50.94707975512419,53.1,14.38,831
2394,Uttar Pradesh,UP,S24,1,Farrukhabad,891793,721921,1613781,560618.0,409931.0,970549,2014,418,,56.8,62.86413999661357,60.1,14.29,810
2404,Uttar Pradesh,UP,S24,1,Mirzapur,938504,782028,1720661,557612.0,449962.0,1007581,2014,457,,57.5,59.41498384663251,58.6,14.36,833
2455,Uttar Pradesh,UP,S24,1,Gonda,935167,775608,1710825,487483.0,384938.0,872422,2014,437,,49.6,52.12790870507621,51.0,14.35,829
2465,Uttar Pradesh,UP,S24,1,Amroha,829444,714712,1544245,589753.0,505978.0,1095731,2014,387,,70.8,71.10220822623347,71.0,14.25,862
2486,Uttar Pradesh,UP,S24,1,Gorakhpur,1055209,848621,1903988,582909.0,457008.0,1039934,2014,442,,53.9,55.24109441826216,54.6,14.46,804
2489,Uttar Pradesh,UP,S24,1,Ballia,973384,794830,1768271,517773.0,423406.0,941182,2014,450,,53.3,53.193087209158975,53.2,14.39,817
2491,Uttar Pradesh,UP,S24,1,Kushi Nagar,930637,750240,1680992,505771.0,444293.0,950064,2014,443,,59.2,54.34675389007744,56.5,14.33,806
2496,Uttar Pradesh,UP,S24,1,Sitapur,838148,712053,1550263,581709.0,444625.0,1026334,2014,408,,62.4,69.4040909242759,66.2,14.25,850
2502,Uttar Pradesh,UP,S24,1,Kanpur,889344,721802,1611248,485562.0,349156.0,834718,2014,421,,48.4,54.59777094127807,51.8,14.29,812
2505,Uttar Pradesh,UP,S24,1,Gautam Buddha Nagar,1105732,880377,1986109,707052.0,491342.0,1198394,2014,391,,55.8,63.94424688803435,60.3,14.5,796
2513,Uttar Pradesh,UP,S24,1,Maharajganj,946234,796767,1743131,549757.0,510481.0,1060238,2014,441,,64.1,58.09947645085677,60.8,14.37,842
2515,Uttar Pradesh,UP,S24,1,Ghosi,1040033,850934,1891112,547380.0,492131.0,1039511,2014,448,,57.8,52.63102228486981,55.0,14.45,818
2518,Uttar Pradesh,UP,S24,1,Ghazipur,983352,818105,1801519,528986.0,457272.0,986259,2014,453,,55.9,53.79416526330347,54.7,14.4,832
2520,Uttar Pradesh,UP,S24,1,Rampur,872075,744534,1616972,528149.0,430146.0,958303,2014,385,,57.8,60.56233695496373,59.3,14.3,854
2521,Uttar Pradesh,UP,S24,1,Kaiserganj,928269,783633,1711967,527027.0,415386.0,942413,2014,435,,53.0,56.77524510675246,55.0,14.35,844
2537,Uttar Pradesh,UP,S24,1,Robertsganj,901147,737885,1639074,498085.0,387542.0,885628,2014,458,,52.5,55.272336255904975,54.0,14.31,819
2544,Uttar Pradesh,UP,S24,1,Sant Kabir Nagar,1045424,858808,1904315,521201.0,490916.0,1012117,2014,440,,57.2,49.85546534229174,53.1,14.46,821
2546,Uttar Pradesh,UP,S24,1,Muzaffarnagar,875179,713220,1588475,618042.0,484660.0,1102713,2014,381,,68.0,70.618924814238,69.4,14.28,815
2549,Uttar Pradesh,UP,S24,1,Hamirpur,949328,788636,1737993,550111.0,427480.0,977593,2014,425,,54.2,57.94741122141136,56.2,14.37,831
2550,Uttar Pradesh,UP,S24,1,Akbarpur,977669,790872,1768635,559566.0,411414.0,970980,2014,422,,52.0,57.234708270385994,54.9,14.39,809
2553,Uttar Pradesh,UP,S24,1,Agra,1003777,810896,1814739,621497.0,448004.0,1069503,2014,396,,55.2,61.91584385774929,58.9,14.41,808
2573,Uttar Pradesh,UP,S24,1,Bansgaon,980235,779762,1760090,459714.0,417437.0,877152,2014,445,,53.5,46.898345804832516,49.8,14.38,795
2575,Uttar Pradesh,UP,S24,1,Machhlishahr ,1026789,865121,1891969,512798.0,483995.0,996793,2014,452,,55.9,49.94190627285645,52.7,14.45,843
2578,Uttar Pradesh,UP,S24,1,Shrawasti,976415,811613,1788080,559351.0,420598.0,979951,2014,436,,51.8,57.28619490687874,54.8,14.4,831
2579,Uttar Pradesh,UP,S24,1,Firozabad,902532,734206,1636738,643026.0,461542.0,1104568,2014,398,,62.9,71.24689207695683,67.5,14.31,813
2581,Uttar Pradesh,UP,S24,1,Jhansi,1034112,897888,1932052,734228.0,586213.0,1320441,2014,424,,65.3,71.0008200272311,68.3,14.47,868
2582,Uttar Pradesh,UP,S24,1,Banda,884779,717011,1601855,473933.0,384301.0,858234,2014,426,,53.6,53.56512756292814,53.6,14.29,810
2583,Uttar Pradesh,UP,S24,1,Fatehpur Sikri,877271,703267,1580582,565514.0,401637.0,967152,2014,397,,57.1,64.46286267299386,61.2,14.27,802
2596,Uttar Pradesh,UP,S24,1,Bahraich,882643,755897,1638640,522529.0,411550.0,934081,2014,434,,54.4,59.20049215821119,57.0,14.31,856
2602,Uttar Pradesh,UP,S24,1,Ambedkar Nagar,923552,795143,1718774,541195.0,493159.0,1034355,2014,433,,62.0,58.599299227331,60.2,14.36,861
2606,Uttar Pradesh,UP,S24,1,Kheri,904863,774542,1679466,606219.0,471614.0,1077848,2014,406,,60.9,66.99566674734186,64.2,14.33,856
2610,Uttar Pradesh,UP,S24,1,Kairana,840629,691073,1531767,617921.0,500278.0,1118199,2014,380,,72.4,73.5069810820231,73.0,14.24,822
2613,Uttar Pradesh,UP,S24,1,Nagina,795562,697765,1493419,484049.0,458292.0,942349,2014,383,,65.7,60.84365517709494,63.1,14.22,877
2614,Uttar Pradesh,UP,S24,1,Moradabad,961935,810050,1771985,626722.0,499370.0,1126092,2014,384,,61.6,65.1522192247917,63.5,14.39,842
2618,Uttar Pradesh,UP,S24,1,Azamgarh,941447,761573,1703121,504375.0,455380.0,959755,2014,447,,59.8,53.57444444562466,56.4,14.35,809
2626,Uttar Pradesh,UP,S24,1,Mainpuri,900568,752461,1653058,579581.0,418952.0,998538,2014,399,,55.7,64.35727229926003,60.4,14.32,836
2628,Uttar Pradesh,UP,S24,1,Aonla,917053,736487,1653577,572213.0,422483.0,994700,2014,402,,57.4,62.39693889011867,60.2,14.32,803
2639,Uttar Pradesh,UP,S24,1,Etawah,938271,768913,1707237,529547.0,408334.0,937881,2014,419,,53.1,56.43859823014886,54.9,14.35,819
2641,Uttar Pradesh,UP,S24,1,Allahabad,917403,749001,1666569,506755.0,384075.0,890833,2014,430,,51.3,55.2379924635084,53.5,14.33,816
2642,Uttar Pradesh,UP,S24,1,Jalaun,1037570,849595,1887189,632802.0,476033.0,1108846,2014,423,,56.0,60.988848945131416,58.8,14.45,819
2646,Uttar Pradesh,UP,S24,1,Fatehpur,985898,818821,1804753,574629.0,481306.0,1055940,2014,427,,58.8,58.284832710888956,58.5,14.41,831
2648,Uttar Pradesh,UP,S24,1,Phulpur,1063897,849194,1913275,541264.0,418152.0,959420,2014,429,,49.2,50.8756016794859,50.1,14.46,798
2657,Uttar Pradesh,UP,S24,1,Mohanlalganj,995313,842841,1838194,637851.0,476997.0,1114848,2014,412,,56.6,64.08546859128737,60.6,14.42,847
2658,Uttar Pradesh,UP,S24,1,Faizabad,936036,802604,1738701,558076.0,464473.0,1022558,2014,432,,57.9,59.62121114999851,58.8,14.37,857
2664,Uttar Pradesh,UP,S24,1,Unnao,1194394,969919,2164392,673666.0,526266.0,1199936,2014,411,,54.3,56.402326200566975,55.4,14.59,812
2684,Uttar Pradesh,UP,S24,1,Sambhal,931603,761516,1693229,599491.0,456319.0,1055817,2014,386,,59.9,64.35047976444902,62.4,14.34,817
2688,Uttar Pradesh,UP,S24,1,Rae Bareli,857875,737017,1594954,437762.0,387368.0,825130,2014,414,,52.6,51.0286463645636,51.7,14.28,859
2692,Uttar Pradesh,UP,S24,1,Ghaziabad,1333055,1024455,2357553,781962.0,559856.0,1341818,2014,390,,54.6,58.6593951487373,56.9,14.67,769
2696,Uttar Pradesh,UP,S24,1,Pilibhit,903414,767687,1671154,586095.0,464229.0,1050342,2014,404,,60.5,64.8755719968918,62.9,14.33,850
2697,Uttar Pradesh,UP,S24,1,Saharanpur,873318,735452,1608833,652595.0,540479.0,1193086,2014,379,,73.5,74.7259303025931,74.2,14.29,842
2699,Uttar Pradesh,UP,S24,1,Baghpat,850681,654413,1505175,582431.0,421180.0,1003611,2014,389,,64.4,68.46644041656037,66.7,14.22,769
2714,Uttar Pradesh,UP,S24,1,Chandauli,887892,705123,1593133,545894.0,433978.0,979873,2014,454,,61.5,61.48202709338523,61.5,14.28,794
2719,Uttar Pradesh,UP,S24,1,Basti,962508,824831,1787476,549704.0,498809.0,1048521,2014,439,,60.5,57.11162920204299,58.7,14.4,857
2722,Uttar Pradesh,UP,S24,1,Bijnor,848418,713587,1562081,575976.0,482184.0,1058170,2014,382,,67.6,67.88823433731957,67.7,14.26,841
2740,Uttar Pradesh,UP,S24,1,Pratapgarh,923411,792852,1716394,454891.0,437808.0,892732,2014,417,,55.2,49.26202958379313,52.0,14.36,859
2743,Uttar Pradesh,UP,S24,1,Barabanki,925944,795265,1721278,611146.0,457015.0,1068161,2014,431,,57.5,66.0024796315976,62.1,14.36,859
2750,West Bengal,WB,S25,1,Jangipur,714890,676753,1391656,559290.0,559068.0,1118358,2014,467,,82.6,78.23441368602163,80.4,14.15,947
2768,West Bengal,WB,S25,1,Basirhat,777768,712812,1490596,677047.0,595849.0,1272897,2014,476,,83.6,87.04999434278602,85.4,14.21,916
2775,West Bengal,WB,S25,1,Bankura,775893,727919,1503812,644501.0,590353.0,1234854,2014,494,,81.1,83.06570622495629,82.1,14.22,938
2789,West Bengal,WB,S25,1,Alipurduars,755765,715138,1470911,619392.0,603041.0,1222433,2014,460,,84.3,81.95563435724068,83.1,14.2,946
2797,West Bengal,WB,S25,1,Murshidabad,782480,729615,1512098,653122.0,635049.0,1288171,2014,469,,87.0,83.46820366015744,85.2,14.23,932
2801,West Bengal,WB,S25,1,Hooghly,836584,793445,1630042,696614.0,650941.0,1347556,2014,486,,82.0,83.26886481214079,82.7,14.3,948
2803,West Bengal,WB,S25,1,Diamond harbour,816259,739631,1555914,682840.0,577412.0,1260252,2014,479,,78.1,83.65482034501304,81.0,14.26,906
2808,West Bengal,WB,S25,1,Maldaha Dakshin,692386,654741,1347143,545088.0,544292.0,1089380,2014,466,,83.1,78.72602854477127,80.9,14.11,946
2809,West Bengal,WB,S25,1,Ranaghat,831318,771515,1602849,691141.0,658049.0,1349190,2014,471,,85.3,83.13798089299162,84.2,14.29,928
2832,West Bengal,WB,S25,1,Birbhum,773438,721641,1495089,669860.0,605076.0,1274936,2014,500,,83.8,86.60810562708323,85.3,14.22,933
2834,West Bengal,WB,S25,1,Barrackpore,682366,604844,1287222,567286.0,481436.0,1048722,2014,473,,79.6,83.13515034453651,81.5,14.07,886
2837,West Bengal,WB,S25,1,Jadavpur,811441,784269,1595746,666829.0,605165.0,1271994,2014,480,,77.2,82.17837156367499,79.7,14.28,967
2842,West Bengal,WB,S25,1,Joynagar,757902,700787,1458724,633029.0,555516.0,1188545,2014,477,,79.3,83.5238592852374,81.5,14.19,925
2845,West Bengal,WB,S25,1,Balurghat,653841,600646,1254497,548053.0,513027.0,1061080,2014,464,,85.4,83.82053129124665,84.6,14.04,919
2864,West Bengal,WB,S25,1,Maldaha Uttar ,740749,684660,1425428,578561.0,582591.0,1161152,2014,465,,85.1,78.10486413076494,81.5,14.17,924
2874,West Bengal,WB,S25,1,Bolpur,798378,740033,1538421,682036.0,621426.0,1303462,2014,499,,84.0,85.42770467122091,84.7,14.25,927
2879,West Bengal,WB,S25,1,Kolkata Dakshin,890251,795037,1685296,626618.0,540007.0,1166625,2014,481,,67.9,70.38666623233223,69.2,14.34,893
2885,West Bengal,WB,S25,1,Jhargram,753841,721269,1475112,645909.0,610427.0,1256336,2014,491,,84.6,85.68239191023041,85.2,14.2,957
2887,West Bengal,WB,S25,1,Mathurapur,772277,716496,1488785,662025.0,607691.0,1269716,2014,478,,84.8,85.72377527752349,85.3,14.21,928
2890,West Bengal,WB,S25,1,Dum dum,715569,690401,1405981,590114.0,539290.0,1129404,2014,474,,78.1,82.46779835347814,80.3,14.16,965
2892,West Bengal,WB,S25,1,Barasat,774305,738463,1512792,669359.0,596363.0,1265746,2014,475,,80.8,86.44642614990217,83.7,14.23,954
2895,West Bengal,WB,S25,1,Bishnupur,759317,707604,1466921,667023.0,603708.0,1270731,2014,495,,85.3,87.84512924114698,86.6,14.2,932
2897,West Bengal,WB,S25,1,Kolkata Uttar,797437,636542,1433985,534806.0,419974.0,954783,2014,482,,66.0,67.06561145269157,66.6,14.18,798
2898,West Bengal,WB,S25,1,Baharampur,752943,700833,1453783,584203.0,569867.0,1154070,2014,468,,81.3,77.5892730259794,79.4,14.19,931
2906,West Bengal,WB,S25,1,Asansol,791896,677774,1469684,633286.0,509230.0,1142518,2014,498,,75.1,79.97085475870568,77.7,14.2,856
2911,West Bengal,WB,S25,1,Darjeeling,737062,700062,1437154,587016.0,553877.0,1140907,2014,462,,79.1,79.64268948880827,79.4,14.18,950
2913,West Bengal,WB,S25,1,Cooch behar,848641,764757,1613403,687125.0,642008.0,1329133,2014,459,,83.9,80.9676883393567,82.4,14.29,901
2926,West Bengal,WB,S25,1,Kanthi,777345,713061,1490409,663897.0,626338.0,1290235,2014,489,,87.8,85.40570789031896,86.6,14.21,917
2930,West Bengal,WB,S25,1,Srerampur,847931,776093,1624038,680999.0,608386.0,1289387,2014,485,,78.4,80.31302075286786,79.4,14.3,915
2939,West Bengal,WB,S25,1,Tamluk,796779,730482,1527273,684160.0,650897.0,1335058,2014,488,,89.1,85.86571684243685,87.4,14.24,917
2940,West Bengal,WB,S25,1,Bardhaman Purba,795545,736693,1532244,682635.0,637516.0,1320152,2014,496,,86.5,85.8072139225311,86.2,14.24,926
2942,West Bengal,WB,S25,1,Ghatal,835803,774672,1610489,690945.0,675066.0,1366019,2014,490,,87.1,82.66840391814819,84.8,14.29,927
2943,West Bengal,WB,S25,1,Raiganj,724014,663479,1387526,563566.0,543020.0,1106586,2014,463,,81.8,77.8391025587903,79.8,14.14,916
2948,West Bengal,WB,S25,1,Medinipur,770363,729306,1499673,647452.0,613326.0,1260778,2014,492,,84.1,84.04505408489244,84.1,14.22,947
2951,West Bengal,WB,S25,1,Purulia,764758,707169,1471933,627261.0,574047.0,1201309,2014,493,,81.2,82.02084842525348,81.6,14.2,925
2956,West Bengal,WB,S25,1,Jalpaiguri,795704,735760,1531469,675989.0,625242.0,1301231,2014,461,,85.0,84.95483245025788,85.0,14.24,925
2960,West Bengal,WB,S25,1,Krishnanagar ,769981,706791,1476783,638727.0,607902.0,1246629,2014,470,,86.0,82.9536053487034,84.4,14.21,918
2964,West Bengal,WB,S25,1,Howrah,802653,702441,1505099,621808.0,503224.0,1125035,2014,483,,71.6,77.469093119941,74.7,14.22,875
2970,West Bengal,WB,S25,1,Arambagh,833629,766658,1600293,707257.0,654127.0,1361384,2014,487,,85.3,84.84073850597808,85.1,14.29,920
2972,West Bengal,WB,S25,1,Bangaon,796650,744053,1540713,653011.0,627517.0,1280528,2014,472,,84.3,81.96962279545598,83.1,14.25,934
2974,West Bengal,WB,S25,1,Uluberia,761951,686678,1448632,629091.0,557334.0,1186425,2014,484,,81.2,82.56318319681975,81.9,14.19,901
2995,West Bengal,WB,S25,1,Burdwan - durgapur,821377,762111,1583495,700025.0,629761.0,1329789,2014,497,,82.6,85.22578547974925,84.0,14.28,928
3002,Chhattisgarh,CT,S26,1,RAJNANDGAON,797477,793896,1591373,603428.0,574874.0,1178302,2014,506,,72.4,75.66713522772443,74.0,14.28,996
3005,Chhattisgarh,CT,S26,1,KORBA,729951,693664,1423729,545187.0,506882.0,1052069,2014,504,,73.1,74.68816400004931,73.9,14.17,950
3010,Chhattisgarh,CT,S26,1,KANKER,722916,725459,1448375,515715.0,500911.0,1016626,2014,511,,69.0,71.33816377006457,70.2,14.19,1004
3020,Chhattisgarh,CT,S26,1,RAIPUR,979589,924588,1904460,659154.0,591606.0,1250760,2014,508,,64.0,67.2888323572437,65.7,14.46,944
3022,Chhattisgarh,CT,S26,1,BILASPUR,891316,837889,1729229,573078.0,516910.0,1089988,2014,505,,61.7,64.29571554869429,63.0,14.36,940
3025,Chhattisgarh,CT,S26,1,RAIGARH,819043,807906,1626949,631470.0,614665.0,1246135,2014,502,,76.1,77.0985161951204,76.6,14.3,986
3030,Chhattisgarh,CT,S26,1,MAHASAMUND,757694,758435,1516177,576664.0,554172.0,1130836,2014,509,,73.1,76.10776909939896,74.6,14.23,1001
3042,Chhattisgarh,CT,S26,1,JANJGIR-CHAMPA,895884,848077,1744201,558932.0,514393.0,1073325,2014,503,,60.7,62.38888070330534,61.5,14.37,947
3048,Chhattisgarh,CT,S26,1,BASTAR,632842,665241,1298083,386189.0,383710.0,769899,2014,510,,57.7,61.024552731961535,59.3,14.08,1051
3059,Chhattisgarh,CT,S26,1,DURG,948929,909771,1858922,661165.0,597929.0,1259094,2014,507,,65.7,69.67486503205193,67.7,14.44,959
3060,Chhattisgarh,CT,S26,1,SARGUJA,771106,751862,1523022,610812.0,576493.0,1187305,2014,501,,76.7,79.21245587506776,78.0,14.24,975
3066,Jharkhand,JH,S27,1,Khunti,565457,546398,1111856,373314.0,364162.0,737476,2014,522,,66.6,66.01987419025673,66.3,13.92,966
3069,Jharkhand,JH,S27,1,Giridih,811587,700052,1511644,531982.0,439241.0,971223,2014,517,,62.7,65.5483638845866,64.2,14.23,863
3073,Jharkhand,JH,S27,1,Dumka,658403,614641,1273049,466619.0,435895.0,902514,2014,513,,70.9,70.87133564093723,70.9,14.06,934
3084,Jharkhand,JH,S27,1,Ranchi,868528,779930,1648459,562384.0,487221.0,1049605,2014,519,,62.5,64.75139546451007,63.7,14.32,898
3087,Jharkhand,JH,S27,1,Kodarma,870003,769641,1639645,535308.0,489593.0,1024901,2014,516,,63.6,61.52944300192068,62.5,14.31,885
3090,Jharkhand,JH,S27,1,Godda,840396,750375,1590772,549854.0,499254.0,1049108,2014,514,,66.5,65.4279649117797,65.9,14.28,893
3097,Jharkhand,JH,S27,1,Chatra,696501,616060,1312562,383214.0,329747.0,712961,2014,515,,53.5,55.019877932695,54.3,14.09,885
3098,Jharkhand,JH,S27,1,Jamshedpur,811632,770030,1581665,548089.0,501033.0,1049122,2014,520,,65.1,67.52924970922783,66.3,14.27,949
3116,Jharkhand,JH,S27,1,Palamau,889932,756024,1645957,523108.0,453494.0,976602,2014,524,,60.0,58.780670882719136,59.3,14.31,850
3117,Jharkhand,JH,S27,1,Hazaribagh,812554,706367,1518923,515052.0,452228.0,967280,2014,525,,64.0,63.38680260019641,63.7,14.23,869
3120,Jharkhand,JH,S27,1,Dhanbad,1032038,857981,1890021,642557.0,501332.0,1143889,2014,518,,58.4,62.260982638236186,60.5,14.45,831
3122,Jharkhand,JH,S27,1,Rajmahal,691403,662063,1353467,490824.0,460471.0,951295,2014,512,,69.6,70.98956758937986,70.3,14.12,958
3129,Jharkhand,JH,S27,1,Lohardaga,578880,540264,1119144,333825.0,317508.0,651333,2014,523,,58.8,57.66739220563848,58.2,13.93,933
3130,Jharkhand,JH,S27,1,Singhbhum,583330,569300,1152632,403571.0,391653.0,795224,2014,521,,68.8,69.18399533711622,69.0,13.96,976
3158,Uttarakhand,UK,S28,2,Nainital-udhamsingh Nagar,857782,753029,1610811,589435.0,509910.0,1099345,2014,529,,67.7,68.71617730379047,68.2,14.29,878
3160,Uttarakhand,UK,S28,2,Almora,639362,614162,1253541,316094.0,339409.0,655504,2014,528,,55.3,49.43897197518777,52.3,14.04,961
3164,Uttarakhand,UK,S28,2,Tehri Garhwal ,711671,640943,1352614,400041.0,370827.0,770868,2014,526,,57.9,56.21150784561968,57.0,14.12,901
3173,Uttarakhand,UK,S28,2,Garhwal,651868,615350,1267218,320955.0,357047.0,678002,2014,527,,58.0,49.23619505789515,53.5,14.05,944
3178,Uttarakhand,UK,S28,2,Hardwar,888328,754505,1642873,637480.0,535871.0,1173352,2014,530,,71.0,71.76178168424275,71.4,14.31,849
3215,NCT OF Delhi,DL,U05,2,CHANDNI CHOWK,791318,655854,1447230,548427.0,431342.0,979790,2014,535,,65.8,69.3055130807084,67.7,14.19,829
3222,NCT OF Delhi,DL,U05,2,WEST DELHI,1108886,930409,2039410,742213.0,603424.0,1345645,2014,540,,64.9,66.93321044724165,66.0,14.53,839
3233,NCT OF Delhi,DL,U05,2,EAST DELHI,1023325,806102,1829578,676930.0,518463.0,1195428,2014,537,,64.3,66.15005008184106,65.3,14.42,788
3235,NCT OF Delhi,DL,U05,2,NORTH WEST DELHI,1212516,981633,2194343,757777.0,595362.0,1353181,2014,539,,60.7,62.496247472198306,61.7,14.6,810
3241,NCT OF Delhi,DL,U05,2,NEW DELHI,830322,659749,1490147,545628.0,422884.0,968519,2014,538,,64.1,65.71281984579477,65.0,14.21,795
3243,NCT OF Delhi,DL,U05,2,NORTH EAST DELHI,1079407,878183,1957708,738979.0,574789.0,1313796,2014,536,,65.5,68.46157195571271,67.1,14.49,814
3245,NCT OF Delhi,DL,U05,2,SOUTH DELHI,1005299,747322,1752748,639042.0,462222.0,1101277,2014,541,,61.9,63.56735657749585,62.8,14.38,743
