long1,lat,id1,statename,stateabb,pcname,m_electors,f_electors,t_electors,sex_ratio_e,f_vote_turnout,m_vote_turnout,c,l_t,group
92.875061,12.903172,1,Andaman & Nicobar Islands,AD,Andaman & Nicobar Islands,142783,126577,269360,1128,70.379295,70.827057,0,3.75,AD: Andaman & Nicobar Islands
78.812912,19.330114,28,Andhra Pradesh,AP,Adilabad,687421,698717,1386282,984,75.206703,75.424088,0,3.75,AP: Adilabad
82.023911,16.665276,17,Andhra Pradesh,AP,Amalapuram,682606,675208,1357865,1011,81.293465,82.772934,0,3.75,AP: Amalapuram
82.831581,17.666245,6,Andhra Pradesh,AP,Anakapalli,689109,712301,1401474,967,81.748306,81.52919,0,3.75,AP: Anakapalli
77.40239,14.79776,31,Andhra Pradesh,AP,Anantapur,775506,761243,1536894,1019,77.887352,79.036911,1,5,AP: Anantapur
82.606361,18.088041,3,Andhra Pradesh,AP,Aruku,622101,650158,1272340,957,70.260155,72.341629,0,3.75,AP: Aruku
80.308327,15.879751,22,Andhra Pradesh,AP,Bapatla,686494,706353,1392964,972,84.095345,85.058426,0,3.75,AP: Bapatla
79.055969,17.382198,7,Andhra Pradesh,AP,Bhongir,756965,735217,1492240,1030,79.986725,81.95993,1,5,AP: Bhongir
77.985161,17.260582,8,Andhra Pradesh,AP,Chelvella,1153061,1031897,2185164,1117,59.803257,60.275391,3,10,AP: Chelvella
78.994316,13.254227,35,Andhra Pradesh,AP,Chittoor,723865,727853,1451851,995,82.043076,82.197647,1,5,AP: Chittoor
81.195457,16.924559,10,Andhra Pradesh,AP,Eluru,706952,720738,1427764,981,82.44175,84.945793,1,5,AP: Eluru
80.476341,16.290016,20,Andhra Pradesh,AP,Guntur,773037,798804,1572017,968,78.075226,79.413277,2,7.5,AP: Guntur
77.746964,14.172292,37,Andhra Pradesh,AP,Hindupur,734674,711755,1446496,1032,80.391708,81.477089,1,5,AP: Hindupur
78.478775,17.356205,42,Andhra Pradesh,AP,Hyderabad,960480,862516,1823217,1114,51.641361,54.744606,3,10,AP: Hyderabad
78.643944,14.667988,32,Andhra Pradesh,AP,Kadapa,764947,785380,1550440,974,77.184929,76.256264,1,5,AP: Kadapa
82.234131,17.226692,27,Andhra Pradesh,AP,Kakinada,709103,709050,1418290,1000,75.965729,78.304985,0,3.75,AP: Kakinada
79.04718,18.38579,24,Andhra Pradesh,AP,Karimnagar,777440,773291,1550810,1005,73.631012,70.842766,1,5,AP: Karimnagar
80.609459,17.3183,4,Andhra Pradesh,AP,Khammam,712310,727861,1440267,979,81.382156,82.392075,1,5,AP: Khammam
77.486603,15.590533,23,Andhra Pradesh,AP,Kurnool,738832,742805,1481791,995,69.90435,73.551765,1,5,AP: Kurnool
80.983345,16.282227,19,Andhra Pradesh,AP,Machilipatnam,675783,693423,1369311,975,82.156921,83.518822,0,3.75,AP: Machilipatnam
80.462212,17.914938,34,Andhra Pradesh,AP,Mahabubabad,688341,698868,1387288,985,80.187675,81.41938,0,3.75,AP: Mahabubabad
77.850967,16.755157,38,Andhra Pradesh,AP,Mahbubnagar,713064,705447,1418668,1011,70.790718,71.509987,0,3.75,AP: Mahbubnagar
78.551529,17.530567,43,Andhra Pradesh,AP,Malkajgiri,1723261,1459417,3183083,1181,50.793228,50.900936,3,10,AP: Malkajgiri
78.466698,17.894159,5,Andhra Pradesh,AP,Medak,775560,760532,1536166,1020,76.662125,78.013824,1,5,AP: Medak
78.331245,16.337591,16,Andhra Pradesh,AP,Nagarkurnool,745050,732104,1477305,1018,73.456917,76.378227,1,5,AP: Nagarkurnool
79.419037,16.857651,14,Andhra Pradesh,AP,Nalgonda,746042,748256,1494343,997,77.97438,80.05407,1,5,AP: Nalgonda
78.358215,15.495056,33,Andhra Pradesh,AP,Nandyal,783126,793585,1576945,987,75.516548,76.78241,2,7.5,AP: Nandyal
79.820114,16.365484,18,Andhra Pradesh,AP,Narasaraopet,748474,766262,1514861,977,83.6381,84.875359,1,5,AP: Narasaraopet
81.596146,16.598112,15,Andhra Pradesh,AP,Narsapuram,652598,672304,1325028,971,81.31292,82.210945,0,3.75,AP: Narsapuram
79.671326,14.81375,30,Andhra Pradesh,AP,Nellore,796823,809115,1606127,985,72.994072,73.962852,2,7.5,AP: Nellore
78.402878,18.768463,25,Andhra Pradesh,AP,Nizamabad,724523,771586,1496193,939,72.490814,64.479942,1,5,AP: Nizamabad
79.354805,15.625997,21,Andhra Pradesh,AP,Ongole,736216,733891,1470212,1003,81.740883,81.220322,1,5,AP: Ongole
79.589958,18.789923,12,Andhra Pradesh,AP,Peddapalle,725765,699474,1425355,1038,71.624107,71.750633,1,5,AP: Peddapalle
81.700592,16.994579,13,Andhra Pradesh,AP,Rajahmundry,707152,714021,1421276,990,80.408279,81.373169,0,3.75,AP: Rajahmundry
78.831375,13.877844,29,Andhra Pradesh,AP,Rajampet,735613,752029,1487791,978,77.501801,77.621117,1,5,AP: Rajampet
78.478203,17.40822,11,Andhra Pradesh,AP,Secundrabad,1012740,880779,1893741,1150,51.930962,53.941685,3,10,AP: Secundrabad
84.188431,18.648098,9,Andhra Pradesh,AP,Srikakulam,706347,707248,1413726,999,76.884346,71.2276,0,3.75,AP: Srikakulam
79.787773,13.929626,36,Andhra Pradesh,AP,Tirupati,778507,795485,1574161,979,76.095467,77.338676,2,7.5,AP: Tirupati
80.453972,16.84523,39,Andhra Pradesh,AP,Vijayawada,781179,783169,1564513,997,75.334702,76.743744,2,7.5,AP: Vijayawada
83.254631,17.920902,40,Andhra Pradesh,AP,Visakhapatnam,874909,847941,1723011,1032,68.040817,66.662018,3,10,AP: Visakhapatnam
83.520004,18.310116,26,Andhra Pradesh,AP,Vizianagaram,700639,702984,1403736,997,80.356171,79.1586,0,3.75,AP: Vizianagaram
79.57811,17.950951,41,Andhra Pradesh,AP,Warangal,771760,765862,1537778,1008,75.75856,76.506035,1,5,AP: Warangal
77.924141,18.134724,2,Andhra Pradesh,AP,Zahirabad,717891,727389,1445354,987,75.172707,76.05751,1,5,AP: Zahirabad
93.476967,27.829809,45,Arunachal Pradesh,AR,Arunachal East,160151,152553,312704,1050,84.281525,79.230225,0,3.75,AR: Arunachal East
95.87429,28.240156,44,Arunachal Pradesh,AR,Arunachal West,219415,227225,446640,966,75.107491,70.926331,0,3.75,AR: Arunachal West
93.112198,25.84598,53,Assam,AS,Autonomous District,359058,343172,702230,1046,76.891182,77.828934,0,3.75,AS: Autonomous District
90.890434,26.360771,59,Assam,AS,Barpeta,755566,674622,1430188,1120,84.701355,83.972282,1,5,AS: Barpeta
90.179367,26.093573,54,Assam,AS,Dhubri,797235,752931,1550166,1059,87.668724,88.937141,1,5,AS: Dhubri
95.262108,27.372364,47,Assam,AS,Dibrugarh,579658,544647,1124305,1064,78.699966,79.734428,0,3.75,AS: Dibrugarh
91.408043,26.082952,58,Assam,AS,Gauhati,988067,934203,1922270,1058,77.829018,79.400993,3,10,AS: Gauhati
94.638702,26.891426,48,Assam,AS,Jorhat,611283,578203,1189486,1057,77.323708,79.142395,0,3.75,AS: Jorhat
93.605408,26.498747,50,Assam,AS,Kaliabor,752695,704524,1457219,1068,79.657753,80.424873,1,5,AS: Kaliabor
92.474388,24.552464,55,Assam,AS,Karimganj,615198,550799,1165997,1117,73.464371,78.295609,0,3.75,AS: Karimganj
90.660469,26.619522,57,Assam,AS,Kokrajhar,776151,729307,1505472,1064,80.491615,82.003761,1,5,AS: Kokrajhar
94.770287,27.443005,46,Assam,AS,Lakhimpur,735340,695740,1431080,1057,77.551239,77.850655,1,5,AS: Lakhimpur
91.943398,26.576361,51,Assam,AS,Mangaldoi,791539,724137,1515676,1093,80.344193,82.276047,1,5,AS: Mangaldoi
92.633888,26.159952,52,Assam,AS,Nowgong,792425,731446,1523881,1083,80.736649,80.701515,1,5,AS: Nowgong
92.862053,24.813927,56,Assam,AS,Silchar,554540,505558,1060175,1097,73.368042,77.356369,0,3.75,AS: Silchar
93.020622,26.799097,49,Assam,AS,Tezpur,654866,604702,1259568,1083,78.558197,77.188461,0,3.75,AS: Tezpur
87.354332,26.199492,62,Bihar,BH,Araria,843076,744212,1587332,1133,64.939964,58.418575,2,7.5,BH: Araria
84.543678,25.469048,76,Bihar,BH,Arrah,1016299,808210,1824515,1257,46.467503,50.919956,3,10,BH: Arrah
84.564842,24.681038,97,Bihar,BH,Aurangabad,825574,710533,1536153,1162,50.063686,52.07819,1,5,BH: Aurangabad
86.836166,24.890337,79,Bihar,BH,Banka,824924,724490,1549456,1139,60.459221,55.919941,1,5,BH: Banka
86.130844,25.495287,75,Bihar,BH,Begusarai,949825,828874,1778759,1146,64.201675,57.40152,3,10,BH: Begusarai
87.134995,25.285322,87,Bihar,BH,Bhagalpur,895185,790098,1685339,1133,57.149239,58.358551,2,7.5,BH: Bhagalpur
84.025467,25.41452,85,Bihar,BH,Buxar,877699,762929,1640671,1150,51.710186,56.333096,2,7.5,BH: Buxar
86.103157,26.081844,71,Bihar,BH,Darbhanga,797254,698177,1495445,1142,60.406029,51.114952,1,5,BH: Darbhanga
85.047897,24.662714,98,Bihar,BH,Gaya (Sc),799210,702311,1501521,1138,51.830315,55.418728,1,5,BH: Gaya (Sc)
84.377312,26.442745,63,Bihar,BH,Gopalganj (Sc),871590,783212,1654838,1113,58.558731,51.047165,2,7.5,BH: Gopalganj (Sc)
85.361748,25.718819,93,Bihar,BH,Hajipur (Sc),895047,754452,1649547,1186,56.448387,53.422558,2,7.5,BH: Hajipur (Sc)
84.977997,25.101929,99,Bihar,BH,Jahanabad,751585,671629,1423246,1119,54.420223,59.274864,0,3.75,BH: Jahanabad
86.284897,24.858128,96,Bihar,BH,Jamui (Sc),828406,722499,1550936,1147,49.828167,50.167309,1,5,BH: Jamui (Sc)
86.338081,26.401941,66,Bihar,BH,Jhanjharpur,895570,772835,1668405,1159,63.485737,50.303047,2,7.5,BH: Jhanjharpur
84.325966,24.966713,94,Bihar,BH,Karakat,849474,730224,1580558,1163,45.519459,53.845791,2,7.5,BH: Karakat
87.688911,25.533245,81,Bihar,BH,Katihar,769044,677392,1446478,1135,71.145508,64.443649,1,5,BH: Katihar
86.536285,25.591501,83,Bihar,BH,Khagaria,800786,705750,1506587,1135,63.784626,55.687912,1,5,BH: Khagaria
87.86734,26.180775,70,Bihar,BH,Kishanganj,762874,676103,1438990,1128,67.611885,61.752792,1,5,BH: Kishanganj
86.764038,25.803692,74,Bihar,BH,Madhepura,899152,826507,1725693,1088,63.625473,56.584648,3,10,BH: Madhepura
85.921242,26.372381,69,Bihar,BH,Madhubani,878017,749809,1627832,1171,59.567169,47.11845,2,7.5,BH: Madhubani
84.674919,26.065668,73,Bihar,BH,Maharajganj,874822,767218,1642068,1140,55.53767,48.036285,2,7.5,BH: Maharajganj
86.161781,25.267544,88,Bihar,BH,Munger,937897,782040,1719984,1199,52.213314,53.94313,3,10,BH: Munger
85.527733,26.118921,60,Bihar,BH,Muzaffarpur,830943,720390,1551363,1153,63.565014,59.083355,1,5,BH: Muzaffarpur
85.455864,25.220821,80,Bihar,BH,Nalanda,1036575,915392,1951967,1132,45.730026,48.528954,3,10,BH: Nalanda
85.607689,24.845135,78,Bihar,BH,Nawada,897821,797019,1694895,1126,50.956879,53.267521,3,10,BH: Nawada
84.697556,26.812534,68,Bihar,BH,Paschim Champaran,769411,643703,1413148,1195,59.902317,60.961956,0,3.75,BH: Paschim Champaran
84.95311,25.462822,84,Bihar,BH,Pataliputra,934086,801923,1736074,1165,52.847591,59.204185,3,10,BH: Pataliputra
85.304382,25.502337,86,Bihar,BH,Patna Sahib,1052278,893885,1946249,1177,41.364044,48.511894,3,10,BH: Patna Sahib
87.31147,25.749193,72,Bihar,BH,Purnia,826834,755758,1582626,1094,66.966675,61.833694,2,7.5,BH: Purnia
84.859505,26.508064,89,Bihar,BH,Purvi Champaran,779657,659560,1439253,1182,57.701649,56.700703,1,5,BH: Purvi Champaran
85.981361,25.9018,82,Bihar,BH,Samastipur (Sc),802420,702007,1504451,1143,61.594971,53.685352,1,5,BH: Samastipur (Sc)
84.920097,25.82291,95,Bihar,BH,Saran,832441,706266,1538740,1179,58.328449,54.11927,1,5,BH: Saran
83.738815,24.909554,77,Bihar,BH,Sasaram (Sc),859397,748291,1607747,1148,53.056366,52.207767,2,7.5,BH: Sasaram (Sc)
85.239189,26.590202,90,Bihar,BH,Sheohar,792374,693355,1485801,1143,59.037003,54.68718,1,5,BH: Sheohar
85.593933,26.582144,91,Bihar,BH,Sitamarhi,832370,742498,1574914,1121,60.825485,53.924217,2,7.5,BH: Sitamarhi
84.313217,26.154049,64,Bihar,BH,Siwan,841735,722100,1563860,1166,60.958038,52.727638,2,7.5,BH: Siwan
86.819374,26.211187,67,Bihar,BH,Supaul,797373,728185,1525583,1095,68.944565,58.75243,1,5,BH: Supaul
85.716606,25.70739,92,Bihar,BH,Ujiarpur,764186,662004,1426217,1154,64.206108,56.773876,1,5,BH: Ujiarpur
85.168732,26.145567,65,Bihar,BH,Vaishali,841773,724500,1566321,1162,61.444721,57.112667,2,7.5,BH: Vaishali
84.294617,27.150631,61,Bihar,BH,Valmiki Nagar,786312,670236,1456598,1173,61.977573,61.608242,1,5,BH: Valmiki Nagar
76.781471,30.730057,111,Chandigarh,CH,Chandigarh,333621,281593,615214,1185,74.012848,73.408745,0,3.75,CH: Chandigarh
81.281883,18.95079,109,Chhattisgarh,CT,Bastar,632842,665241,1298083,951,57.679848,61.024551,0,3.75,CT: Bastar
81.944496,22.236969,103,Chhattisgarh,CT,Bilaspur,891316,837889,1729229,1064,61.691944,64.295715,3,10,CT: Bilaspur
81.463669,21.491745,105,Chhattisgarh,CT,Durg,948929,909771,1858922,1043,65.723022,69.674866,3,10,CT: Durg
82.624298,21.747662,100,Chhattisgarh,CT,Janjgir-Champa,895884,848077,1744201,1056,60.654045,62.388882,3,10,CT: Janjgir-Champa
81.341095,20.290571,108,Chhattisgarh,CT,Kanker,722916,725459,1448375,996,69.047455,71.338165,1,5,CT: Kanker
82.382195,22.986471,110,Chhattisgarh,CT,Korba,729951,693664,1423729,1052,73.073128,74.688164,0,3.75,CT: Korba
82.324875,20.818888,106,Chhattisgarh,CT,Mahasamund,757694,758435,1516177,999,73.067833,76.107773,1,5,CT: Mahasamund
83.559326,22.408606,107,Chhattisgarh,CT,Raigarh,819043,807906,1626949,1014,76.081253,77.098518,2,7.5,CT: Raigarh
81.880905,21.422146,101,Chhattisgarh,CT,Raipur,979589,924588,1904460,1059,63.985905,67.288834,3,10,CT: Raipur
80.958801,21.398705,104,Chhattisgarh,CT,Rajnandgaon,797477,793896,1591373,1005,72.411751,75.667137,2,7.5,CT: Rajnandgaon
83.219139,23.357801,102,Chhattisgarh,CT,Sarguja,771106,751862,1523022,1026,76.675377,79.212456,1,5,CT: Sarguja
73.070656,20.195053,120,Dadra & Nagar Haveli,DN,Dadar & Nagar Haveli,106203,90394,196597,1175,85.729141,82.66433,0,3.75,DN: Dadar & Nagar Haveli
72.852356,20.414064,112,Daman & Diu,DD,Daman & Diu,57011,54816,111827,1040,81.861137,74.292679,0,3.75,DD: Daman & Diu
73.974724,15.575136,122,Goa,GA,North Goa,255870,259571,515441,986,79.246529,77.964981,0,3.75,GA: North Goa
74.11055,15.211731,121,Goa,GA,South Goa,272438,272898,545336,998,78.538132,71.622902,0,3.75,GA: South Goa
72.794548,23.182962,137,Gujarat,GJ,Ahmedabad East,852765,749057,1601832,1138,56.468334,65.349655,2,7.5,GJ: Ahmedabad East
72.59938,23.028582,127,Gujarat,GJ,Ahmedabad West,800933,733462,1534400,1092,58.458515,66.38533,1,5,GJ: Ahmedabad West
71.338669,21.398626,136,Gujarat,GJ,Amreli,777662,708624,1486286,1097,49.368496,58.594608,1,5,GJ: Amreli
72.788414,22.452957,135,Gujarat,GJ,Anand,781118,715737,1496859,1091,59.790539,69.033875,1,5,GJ: Anand
72.003227,24.334059,130,Gujarat,GJ,Banaskantha,796124,719587,1515711,1106,51.629337,64.273659,1,5,GJ: Banaskantha
73.413101,21.229404,123,Gujarat,GJ,Bardoli,829648,784448,1614106,1058,72.40416,76.706985,2,7.5,GJ: Bardoli
73.103157,21.77643,141,Gujarat,GJ,Bharuch,734862,682658,1417548,1076,72.329041,76.551651,0,3.75,GJ: Bharuch
71.874458,21.76317,147,Gujarat,GJ,Bhavnagar,834571,759936,1594531,1098,52.111362,61.94416,2,7.5,GJ: Bhavnagar
73.657684,22.167042,142,Gujarat,GJ,Chhota Udaipur,798160,738143,1536305,1081,68.335136,73.936432,1,5,GJ: Chhota Udaipur
74.064293,22.936943,133,Gujarat,GJ,Dahod,712183,699578,1411765,1018,61.253929,65.543686,0,3.75,GJ: Dahod
72.347931,22.983776,145,Gujarat,GJ,Gandhinagar,900744,833210,1733972,1081,61.387886,68.517136,3,10,GJ: Gandhinagar
69.915245,22.249641,128,Gujarat,GJ,Jamnagar,771003,699937,1470952,1102,52.143837,62.785748,1,5,GJ: Jamnagar
70.689529,21.13273,124,Gujarat,GJ,Junagadh,772017,713524,1485543,1082,59.360722,66.569519,1,5,GJ: Junagadh
70.019234,23.608656,543,Gujarat,GJ,Kachchh,806343,727439,1533782,1108,58.212852,64.377068,1,5,GJ: Kachchh
72.672768,22.776363,126,Gujarat,GJ,Kheda,833232,766227,1599476,1087,53.650288,64.836563,2,7.5,GJ: Kheda
72.446808,23.523352,146,Gujarat,GJ,Mahesana,777821,720375,1498219,1080,63.385319,69.568192,1,5,GJ: Mahesana
72.938873,20.903177,140,Gujarat,GJ,Navsari,972090,792480,1764622,1227,64.70018,66.276268,3,10,GJ: Navsari
73.523392,22.932096,132,Gujarat,GJ,Panchmahal,820230,756434,1576667,1084,54.803856,62.474548,2,7.5,GJ: Panchmahal
71.938522,23.845018,131,Gujarat,GJ,Patan,846195,782446,1628641,1081,54.173706,62.13686,2,7.5,GJ: Patan
70.239502,21.659451,143,Gujarat,GJ,Porbandar,807383,731833,1539223,1103,45.887653,58.03838,1,5,GJ: Porbandar
70.911438,22.368584,138,Gujarat,GJ,Rajkot,864760,790949,1655717,1093,58.377975,68.325775,2,7.5,GJ: Rajkot
73.163689,23.659346,129,Gujarat,GJ,Sabarkantha,833521,782318,1615840,1065,64.217751,70.014191,2,7.5,GJ: Sabarkantha
72.759621,21.29355,125,Gujarat,GJ,Surat,803829,680212,1484068,1182,59.970715,67.001312,1,5,GJ: Surat
71.693916,22.744522,139,Gujarat,GJ,Surendranagar,877745,778910,1656657,1127,51.26754,61.435383,2,7.5,GJ: Surendranagar
73.293213,22.45323,134,Gujarat,GJ,Vadodara,849077,789218,1638321,1076,67.625801,73.247299,2,7.5,GJ: Vadodara
73.319916,20.584894,144,Gujarat,GJ,Valsad,775073,736988,1512061,1052,73.024933,74.908943,1,5,GJ: Valsad
77.094482,30.404091,152,Haryana,HR,Ambala,909641,782783,1692424,1162,70.502556,73.4039,2,7.5,HR: Ambala
76.006737,28.504677,159,Haryana,HR,Bhiwani-Mahendragarh,792166,681746,1473912,1162,68.983025,70.620049,1,5,HR: Bhiwani-Mahendragarh
77.332939,28.158781,161,Haryana,HR,Faridabad,969407,770945,1740352,1257,62.187317,67.179314,3,10,HR: Faridabad
76.904137,28.158443,160,Haryana,HR,Gurgaon,984370,860536,1844906,1144,68.932274,73.864502,3,10,HR: Gurgaon
75.914948,29.215559,157,Haryana,HR,Hisar,825688,691918,1517606,1193,74.871445,77.202042,1,5,HR: Hisar
76.905319,29.568861,155,Haryana,HR,Karnal,913321,771000,1684321,1185,68.304672,73.000511,2,7.5,HR: Karnal
76.640549,29.925301,153,Haryana,HR,Kurukshetra,807700,690759,1498459,1169,74.86982,76.573112,1,5,HR: Kurukshetra
76.572853,28.683849,158,Haryana,HR,Rohtak,850127,717381,1567508,1185,64.926727,68.014076,2,7.5,HR: Rohtak
75.215034,29.606947,154,Haryana,HR,Sirsa,886303,774254,1660557,1145,75.698418,78.163452,2,7.5,HR: Sirsa
76.714928,29.15152,156,Haryana,HR,Sonipat,777824,639364,1417188,1217,67.944397,70.862946,0,3.75,HR: Sonipat
76.400154,31.623213,148,Himachal Pradesh,HP,Hamirpur,633572,614126,1247699,1032,71.396912,62.28495,0,3.75,HP: Hamirpur
76.312752,32.454079,149,Himachal Pradesh,HP,Kangra,645888,612713,1258601,1054,66.656654,60.316185,0,3.75,HP: Kangra
77.603195,32.078419,151,Himachal Pradesh,HP,Mandi,587833,562575,1150408,1045,61.854332,64.149681,0,3.75,HP: Mandi
77.399681,30.968246,150,Himachal Pradesh,HP,Shimla,607137,546225,1153363,1112,61.094788,66.387321,0,3.75,HP: Shimla
75.120026,33.788433,179,Jammu & Kashmir,JK,Anantnag,685000,616104,1301143,1112,26.560938,30.889782,0,3.75,JK: Anantnag
74.513016,34.431744,180,Jammu & Kashmir,JK,Baramulla,624014,566724,1190766,1101,37.000549,41.070873,0,3.75,JK: Baramulla
74.561119,33.14286,177,Jammu & Kashmir,JK,Jammu,977308,870834,1848155,1122,67.475662,68.054085,3,10,JK: Jammu
77.523857,33.901825,176,Jammu & Kashmir,JK,Ladakh,86256,80503,166763,1071,74.533867,66.270172,0,3.75,JK: Ladakh
74.856308,34.116341,178,Jammu & Kashmir,JK,Srinagar,631520,575702,1207230,1097,23.176748,28.309317,0,3.75,JK: Srinagar
75.620979,33.223076,181,Jammu & Kashmir,JK,Udhampur,787637,681434,1469072,1156,71.076286,70.691322,1,5,JK: Udhampur
84.623749,23.948668,173,Jharkhand,JH,Chatra,696501,616060,1312562,1131,53.525143,55.019878,0,3.75,JH: Chatra
86.42289,23.703695,169,Jharkhand,JH,Dhanbad,1032038,857981,1890021,1203,58.431599,62.260983,3,10,JH: Dhanbad
87.123764,24.16205,165,Jharkhand,JH,Dumka,658403,614641,1273049,1071,70.918633,70.871338,0,3.75,JH: Dumka
86.064758,23.861189,175,Jharkhand,JH,Giridih,811587,700052,1511644,1159,62.744053,65.548363,1,5,JH: Giridih
86.953026,24.566868,166,Jharkhand,JH,Godda,840396,750375,1590772,1120,66.533936,65.427963,2,7.5,JH: Godda
85.435272,23.945152,168,Jharkhand,JH,Hazaribagh,812554,706367,1518923,1150,64.021675,63.386803,1,5,JH: Hazaribagh
86.452667,22.582561,162,Jharkhand,JH,Jamshedpur,811632,770030,1581665,1054,65.066689,67.529251,2,7.5,JH: Jamshedpur
85.021484,22.789576,172,Jharkhand,JH,Khunti,565457,546398,1111856,1035,66.647758,66.019875,0,3.75,JH: Khunti
85.94046,24.367521,170,Jharkhand,JH,Kodarma,870003,769641,1639645,1130,63.613167,61.529442,2,7.5,JH: Kodarma
84.633644,23.234928,171,Jharkhand,JH,Lohardaga,578880,540264,1119144,1071,58.769047,57.667393,0,3.75,JH: Lohardaga
83.877068,24.163893,167,Jharkhand,JH,Palamau,889932,756024,1645957,1177,59.984074,58.78067,2,7.5,JH: Palamau
87.622101,24.801445,164,Jharkhand,JH,Rajmahal,691403,662063,1353467,1044,69.550934,70.989571,0,3.75,JH: Rajmahal
85.589569,23.293884,174,Jharkhand,JH,Ranchi,868528,779930,1648459,1114,62.469837,64.751396,2,7.5,JH: Ranchi
85.565918,22.442068,163,Jharkhand,JH,Singhbhum,583330,569300,1152632,1025,68.79554,69.183998,0,3.75,JH: Singhbhum
75.614563,16.125847,210,Karnataka,KA,Bagalkot,793354,775172,1568633,1023,66.734993,70.774712,2,7.5,KA: Bagalkot
77.533081,12.981676,196,Karnataka,KA,Bangalore North,1260356,1140751,2401472,1105,55.6273,57.197968,3,10,KA: Bangalore North
77.316238,12.7359,194,Karnataka,KA,Bangalore Rural,1135853,1054284,2190398,1077,66.048615,66.791298,3,10,KA: Bangalore Rural
77.593437,12.92433,208,Karnataka,KA,Bangalore South,1050737,947667,1998724,1109,54.471348,56.787571,3,10,KA: Bangalore South
77.692497,12.992895,209,Karnataka,KA,Bangalore Central,1010478,920679,1931456,1098,54.337399,56.770855,3,10,KA: Bangalore Central
74.982918,15.970703,207,Karnataka,KA,Belgaum,807485,773259,1580895,1044,65.705544,70.545212,2,7.5,KA: Belgaum
76.477188,15.045803,201,Karnataka,KA,Bellary,750789,737003,1487945,1019,68.321838,72.17807,1,5,KA: Bellary
77.128563,17.790087,203,Karnataka,KA,Bidar,839154,761738,1600962,1102,59.681282,60.541451,2,7.5,KA: Bidar
75.953094,16.793722,184,Karnataka,KA,Bijapur,847815,774643,1622635,1094,57.528049,61.4627,2,7.5,KA: Bijapur
76.898453,12.001026,199,Karnataka,KA,Chamarajanagar,789384,766336,1555781,1030,71.434204,74.116402,2,7.5,KA: Chamarajanagar
77.643356,13.416919,190,Karnataka,KA,Chikkballapur,843790,814500,1658410,1036,74.735176,77.356567,2,7.5,KA: Chikkballapur
74.787842,16.490023,185,Karnataka,KA,Chikkodi,746023,696120,1442206,1072,72.776817,75.607857,1,5,KA: Chikkodi
76.649742,14.127404,202,Karnataka,KA,Chitradurga,844869,816317,1661277,1035,64.227867,67.769913,2,7.5,KA: Chitradurga
75.255623,12.849572,197,Karnataka,KA,Dakshina Kannada,774454,790765,1565219,979,77.35218,76.88591,2,7.5,KA: Dakshina Kannada
75.954781,14.408041,189,Karnataka,KA,Davanagere,772126,750480,1522712,1029,71.072517,75.260902,1,5,KA: Davanagere
75.167549,15.324309,195,Karnataka,KA,Dharwad,808768,769269,1578125,1051,62.080105,69.595604,2,7.5,KA: Dharwad
76.908173,17.106039,183,Karnataka,KA,Gulbarga,878311,843454,1721990,1041,56.238632,59.520832,3,10,KA: Gulbarga
76.106674,13.080464,206,Karnataka,KA,Hassan,789847,771551,1561486,1024,72.678932,74.159805,2,7.5,KA: Hassan
75.572456,14.985744,188,Karnataka,KA,Haveri,807076,751596,1558749,1074,69.254227,73.716232,2,7.5,KA: Haveri
78.156685,13.230686,193,Karnataka,KA,Kolar,755450,737386,1492977,1024,73.779808,77.030113,1,5,KA: Kolar
76.431854,15.642241,187,Karnataka,KA,Koppal,770316,764694,1535105,1007,62.848278,68.298851,1,5,KA: Koppal
76.74501,12.60028,200,Karnataka,KA,Mandya,839052,830121,1669262,1011,70.749443,72.044525,2,7.5,KA: Mandya
75.984032,12.322643,198,Karnataka,KA,Mysore,867893,855100,1723134,1015,65.608932,68.707893,3,10,KA: Mysore
76.894463,16.339323,186,Karnataka,KA,Raichur,835969,825327,1661606,1013,56.631008,59.945045,2,7.5,KA: Raichur
75.168732,14.009826,205,Karnataka,KA,Shimoga,778782,783379,1562243,994,71.075432,73.487442,2,7.5,KA: Shimoga
76.886978,13.43202,192,Karnataka,KA,Tumkur,764561,753839,1518518,1014,71.049255,73.9151,1,5,KA: Tumkur
75.414398,13.41318,191,Karnataka,KA,Udupi Chikmagalur,679285,707947,1387294,960,73.803268,75.161674,0,3.75,KA: Udupi Chikmagalur
74.611046,14.961987,204,Karnataka,KA,Uttara Kannada,742865,707704,1450599,1050,67.714325,70.16349,1,5,KA: Uttara Kannada
76.412788,9.4434958,225,Kerala,KL,Alappuzha,611877,659447,1271324,928,78.546875,77.962402,0,3.75,KL: Alappuzha
76.539658,10.60682,217,Kerala,KL,Alathur,591950,624401,1216351,948,75.974251,76.513725,0,3.75,KL: Alathur
76.98513,8.6731596,219,Kerala,KL,Attingal,575780,675618,1251398,852,68.384209,68.514191,0,3.75,KL: Attingal
76.467117,10.220501,223,Kerala,KL,Chalakudy,565083,585414,1150497,965,76.341698,77.368637,0,3.75,KL: Chalakudy
76.282761,10.034523,228,Kerala,KL,Ernakulam,565836,590656,1156492,958,71.337799,75.74704,0,3.75,KL: Ernakulam
76.989792,9.8976946,224,Kerala,KL,Idukki,578849,579886,1158735,998,67.962151,73.400665,0,3.75,KL: Idukki
75.576332,11.993821,222,Kerala,KL,Kannur,548454,621812,1170266,882,81.534775,80.0233,0,3.75,KL: Kannur
75.187943,12.387557,218,Kerala,KL,Kasaragod,595047,648683,1243730,917,79.288803,77.183823,0,3.75,KL: Kasaragod
76.936142,8.9189138,227,Kerala,KL,Kollam,575296,644119,1219415,893,72.81636,70.728462,0,3.75,KL: Kollam
76.568237,9.7238245,226,Kerala,KL,Kottayam,573572,587893,1161465,976,68.78054,74.376717,0,3.75,KL: Kottayam
75.862206,11.384003,221,Kerala,KL,Kozhikode,571709,610775,1182484,936,79.248169,79.813156,0,3.75,KL: Kozhikode
76.104225,11.070609,211,Kerala,KL,Malappuram,598207,600237,1198444,997,72.848557,69.486313,0,3.75,KL: Malappuram
76.655235,9.1999798,213,Kerala,KL,Mavelikkara,592702,659966,1252668,898,71.365341,70.219604,0,3.75,KL: Mavelikkara
76.517311,10.941388,215,Kerala,KL,Palakkad,587366,621360,1208726,945,74.862717,75.634102,0,3.75,KL: Palakkad
76.904396,9.3417521,212,Kerala,KL,Pathanamthitta,631495,692411,1323906,912,64.138062,67.441071,0,3.75,KL: Pathanamthitta
76.008804,10.864844,230,Kerala,KL,Ponnani,574106,606683,1180789,946,76.861725,70.546555,0,3.75,KL: Ponnani
77.080917,8.4659462,214,Kerala,KL,Thiruvananthapuram,614438,658310,1272748,933,66.443466,70.510452,0,3.75,KL: Thiruvananthapuram
76.258171,10.474305,216,Kerala,KL,Thrissur,606518,668770,1275288,907,72.614502,71.544952,0,3.75,KL: Thrissur
75.697906,11.657754,220,Kerala,KL,Vadakara,561168,621336,1182504,903,83.820992,77.868301,0,3.75,KL: Vadakara
76.161064,11.520476,229,Kerala,KL,Wayanad,614822,634598,1249420,969,72.513779,73.851456,0,3.75,KL: Wayanad
74.042969,11.27695,544,Lakshadweep,LK,Lakshadweep,25433,24489,49922,1039,88.42746,84.866119,0,3.75,LK: Lakshadweep
80.123329,21.926638,234,Madhya Pradesh,MP,Balaghat,822670,807049,1629741,1019,67.03038,69.333755,2,7.5,MP: Balaghat
77.53875,21.947407,254,Madhya Pradesh,MP,Betul,836846,770954,1607831,1085,61.389137,68.582275,2,7.5,MP: Betul
78.68367,26.211985,233,Madhya Pradesh,MP,Bhind,892173,707938,1600137,1260,36.655895,52.642479,2,7.5,MP: Bhind
77.330696,23.46018,246,Madhya Pradesh,MP,Bhopal,1039153,918021,1957241,1132,53.422306,61.553398,3,10,MP: Bhopal
78.855492,22.121378,253,Madhya Pradesh,MP,Chhindwara,722052,679956,1402038,1062,76.860565,80.977135,0,3.75,MP: Chhindwara
79.297638,23.865664,242,Madhya Pradesh,MP,Damoh,882818,768760,1651614,1148,46.115044,63.299683,2,7.5,MP: Damoh
76.38546,23.247999,244,Madhya Pradesh,MP,Dewas,843528,773563,1617111,1090,63.271122,77.476974,2,7.5,MP: Dewas
75.18483,22.496044,236,Madhya Pradesh,MP,Dhar,858093,810302,1668441,1059,60.376503,68.372307,2,7.5,MP: Dhar
77.703293,24.882196,252,Madhya Pradesh,MP,Guna,857327,748265,1605613,1146,52.737064,67.745682,2,7.5,MP: Guna
77.958435,25.810183,238,Madhya Pradesh,MP,Gwalior,1023937,852908,1876965,1201,46.383549,58.070564,3,10,MP: Gwalior
78.328773,22.758646,235,Madhya Pradesh,MP,Hoshangabad,835566,732614,1568206,1141,59.648056,71.01474,2,7.5,MP: Hoshangabad
75.782021,22.80172,237,Madhya Pradesh,MP,Indore,1106595,1008635,2115303,1097,57.470741,66.528763,3,10,MP: Indore
79.951736,23.171768,256,Madhya Pradesh,MP,Jabalpur,898045,813502,1711621,1104,54.483826,62.235744,3,10,MP: Jabalpur
80.187927,24.348469,260,Madhya Pradesh,MP,Khajuraho,907340,795472,1702833,1141,44.884171,57.005421,3,10,MP: Khajuraho
76.315681,21.925396,261,Madhya Pradesh,MP,Khandwa,912764,846610,1759417,1078,68.306183,74.203186,3,10,MP: Khandwa
75.324112,21.853849,255,Madhya Pradesh,MP,Khargone,866905,836341,1703272,1037,64.302956,70.818138,3,10,MP: Khargone
80.401802,22.705734,257,Madhya Pradesh,MP,Mandla,926166,898514,1824702,1031,64.071678,69.233704,3,10,MP: Mandla
75.273979,24.317499,251,Madhya Pradesh,MP,Mandsour,838141,788383,1626556,1063,66.006752,76.356842,2,7.5,MP: Mandsour
77.382759,26.03931,258,Madhya Pradesh,MP,Morena,938787,763635,1702457,1229,41.317646,57.384796,3,10,MP: Morena
76.781235,23.987345,240,Madhya Pradesh,MP,Rajgarh,827021,751717,1578757,1100,54.833935,72.277847,2,7.5,MP: Rajgarh
74.63401,22.802206,248,Madhya Pradesh,MP,Ratlam,860924,841625,1702576,1023,60.769581,66.116638,3,10,MP: Ratlam
81.584503,24.751278,249,Madhya Pradesh,MP,Rewa,821800,722919,1544719,1137,51.493874,55.686054,1,5,MP: Rewa
78.116982,23.982157,241,Madhya Pradesh,MP,Sagar,815511,704754,1520322,1157,50.353172,65.835655,1,5,MP: Sagar
80.829323,24.53359,250,Madhya Pradesh,MP,Satna,772234,686123,1458381,1126,60.252609,64.730766,1,5,MP: Satna
81.246208,23.386248,243,Madhya Pradesh,MP,Shahdol,806746,754219,1561016,1070,58.362225,65.424431,2,7.5,MP: Shahdol
82.00811,24.16551,239,Madhya Pradesh,MP,Sidhi,915799,820208,1736048,1117,53.781479,59.783752,3,10,MP: Sidhi
79.213463,24.90509,259,Madhya Pradesh,MP,Tikamgarh,820670,708167,1528863,1159,42.298214,56.886692,1,5,MP: Tikamgarh
75.618874,23.399883,245,Madhya Pradesh,MP,Ujjain,790889,734560,1525481,1077,60.557476,72.199638,1,5,MP: Ujjain
77.695953,23.150297,247,Madhya Pradesh,MP,Vidisha,872100,761915,1634039,1145,59.500732,70.989792,2,7.5,MP: Vidisha
74.847092,18.976629,294,Maharashtra,MH,Ahmadnagar,902928,802016,1705005,1126,58.078766,65.868927,3,10,MH: Ahmadnagar
77.016235,20.599836,268,Maharashtra,MH,Akola,882014,790609,1672643,1116,54.847973,61.672035,2,7.5,MH: Akola
77.404427,21.254562,271,Maharashtra,MH,Amravati,848217,764503,1612739,1110,58.392708,65.389992,2,7.5,MH: Amravati
75.075165,20.024426,289,Maharashtra,MH,Aurangabad,846011,743384,1589395,1138,57.577511,65.537918,2,7.5,MH: Aurangabad
74.211212,18.29352,297,Maharashtra,MH,Baramati,960395,853153,1813553,1126,54.327419,62.694725,3,10,MH: Baramati
75.839211,18.9468,277,Maharashtra,MH,Beed,963569,829083,1792652,1162,66.46994,70.609268,3,10,MH: Beed
79.927292,21.145067,274,Maharashtra,MH,Bhandara - Gondiya,841257,814592,1655852,1033,71.286362,73.175858,2,7.5,MH: Bhandara - Gondiya
73.344452,19.425438,286,Maharashtra,MH,Bhiwandi,945521,751031,1696584,1259,49.577049,53.166985,3,10,MH: Bhiwandi
76.420837,20.47238,264,Maharashtra,MH,Buldhana,844789,750643,1595435,1125,58.958118,63.427319,2,7.5,MH: Buldhana
79.019547,19.974554,290,Maharashtra,MH,Chandrapur,921095,832595,1753690,1106,60.831497,65.3862,3,10,MH: Chandrapur
74.535225,20.88525,283,Maharashtra,MH,Dhule,879332,796027,1675367,1105,55.080418,61.498386,2,7.5,MH: Dhule
74.133171,20.303295,287,Maharashtra,MH,Dindori,808116,722062,1530208,1119,58.565884,67.640907,1,5,MH: Dindori
80.1381,20.026011,284,Maharashtra,MH,Gadchiroli-Chimur,752751,715686,1468437,1052,68.462982,71.427872,1,5,MH: Gadchiroli-Chimur
74.178123,16.906706,282,Maharashtra,MH,Hatkanangle,850721,779846,1630604,1091,71.328056,74.110077,2,7.5,MH: Hatkanangle
77.544716,19.60194,293,Maharashtra,MH,Hingoli,839540,746644,1586194,1124,63.406387,68.568863,2,7.5,MH: Hingoli
75.214661,20.80406,267,Maharashtra,MH,Jalgaon,909058,798886,1707969,1138,54.990574,60.557522,3,10,MH: Jalgaon
75.67054,20.023813,288,Maharashtra,MH,Jalna,866612,745444,1612056,1163,62.988903,68.771149,2,7.5,MH: Jalna
73.11689,19.186272,307,Maharashtra,MH,Kalyan,1044943,876995,1922034,1192,40.196011,45.177296,3,10,MH: Kalyan
74.152138,16.302734,299,Maharashtra,MH,Kolhapur,909286,849002,1758293,1071,70.131874,72.976486,3,10,MH: Kolhapur
76.879189,18.528772,296,Maharashtra,MH,Latur,902170,784780,1686957,1150,60.900379,63.912457,2,7.5,MH: Latur
74.935959,17.836735,265,Maharashtra,MH,Madha,912715,814603,1727322,1120,59.330128,65.175659,3,10,MH: Madha
73.37529,18.871851,278,Maharashtra,MH,Maval,1035961,917770,1953741,1129,57.42659,62.44482,3,10,MH: Maval
72.840561,19.212572,301,Maharashtra,MH,Mumbai North,972753,811110,1783870,1199,51.582893,54.20153,3,10,MH: Mumbai North
72.921539,19.144129,303,Maharashtra,MH,Mumbai North East,923016,745254,1668357,1239,50.439583,52.618481,2,7.5,MH: Mumbai North East
72.854828,19.13846,302,Maharashtra,MH,Mumbai North West,986704,788712,1775416,1251,49.833527,51.099621,3,10,MH: Mumbai North West
72.864296,19.074545,304,Maharashtra,MH,Mumbai North Central,967468,769592,1737084,1257,48.448658,48.788177,3,10,MH: Mumbai North Central
72.825783,18.961676,305,Maharashtra,MH,Mumbai South,828962,656867,1485844,1262,52.121052,52.631123,1,5,MH: Mumbai South
72.875137,19.026192,306,Maharashtra,MH,Mumbai South Central,793802,654025,1447886,1214,52.565269,53.452877,1,5,MH: Mumbai South Central
79.082809,21.144718,311,Maharashtra,MH,Nagpur,980485,920265,1900784,1065,54.8592,59.027317,3,10,MH: Nagpur
77.516541,18.875555,309,Maharashtra,MH,Nanded,878520,808528,1687057,1087,57.169697,62.381279,2,7.5,MH: Nanded
74.329376,21.407543,273,Maharashtra,MH,Nandurbar,852313,820622,1672943,1039,64.701286,68.452667,2,7.5,MH: Nandurbar
73.776382,19.884069,291,Maharashtra,MH,Nashik,850699,743058,1593774,1145,55.458256,61.516235,2,7.5,MH: Nashik
76.085365,18.17989,281,Maharashtra,MH,Osmanabad,934227,824943,1759186,1132,61.218777,65.459145,3,10,MH: Osmanabad
72.994514,19.811415,295,Maharashtra,MH,Palghar,830398,747673,1578149,1111,61.569294,64.054108,2,7.5,MH: Palghar
76.47422,19.396156,279,Maharashtra,MH,Parbhani,945901,857880,1803792,1103,61.074509,67.414772,3,10,MH: Parbhani
73.881729,18.546526,308,Maharashtra,MH,Pune,949561,886266,1835835,1071,51.856667,56.214607,3,10,MH: Pune
73.265038,18.073828,280,Maharashtra,MH,Raigad,752491,780290,1532781,964,64.364784,64.525688,1,5,MH: Raigad
79.08757,21.176285,272,Maharashtra,MH,Ramtek,887228,790024,1677266,1123,59.872486,64.951851,2,7.5,MH: Ramtek
73.642517,16.554113,298,Maharashtra,MH,Ratnagiri - Sindhudurg,665658,701697,1367362,949,64.379356,66.741333,0,3.75,MH: Ratnagiri - Sindhudurg
75.836342,21.036171,285,Maharashtra,MH,Raver,842701,750674,1593389,1123,60.694389,65.886833,2,7.5,MH: Raver
74.897446,17.129776,269,Maharashtra,MH,Sangli,861582,787493,1649107,1094,61.736294,64.613121,2,7.5,MH: Sangli
73.994804,17.622574,266,Maharashtra,MH,Satara,883947,836051,1719998,1057,54.60923,58.730671,3,10,MH: Satara
74.405594,19.565153,292,Maharashtra,MH,Shirdi,768181,694085,1462267,1107,59.377453,67.669472,1,5,MH: Shirdi
73.990791,18.915007,276,Maharashtra,MH,Shirur,973132,850960,1824112,1144,55.867725,63.022282,3,10,MH: Shirur
75.780174,17.595493,270,Maharashtra,MH,Solapur,893734,808990,1702739,1105,52.331425,58.931965,3,10,MH: Solapur
72.896347,19.267996,300,Maharashtra,MH,Thane,1141737,931467,2073251,1226,49.672615,51.75938,3,10,MH: Thane
78.395676,20.867987,275,Maharashtra,MH,Wardha,817514,747024,1564552,1094,61.400169,67.70575,2,7.5,MH: Wardha
77.80471,20.263748,310,Maharashtra,MH,Yavatmal-Washim,921276,834010,1755292,1105,56.014076,61.238544,3,10,MH: Yavatmal-Washim
93.893829,24.720222,231,Manipur,MN,Inner Manipur,417103,438257,855360,952,76.257767,73.613235,0,3.75,MN: Inner Manipur
93.881248,24.734163,232,Manipur,MN,Outer Manipur,454314,464695,919009,978,84.73214,83.530991,0,3.75,MN: Outer Manipur
91.772461,25.514271,263,Meghalaya,ML,Shillong,480409,500331,980740,960,65.335747,60.983662,0,3.75,ML: Shillong
90.42305,25.572458,262,Meghalaya,ML,Tura,297230,289271,586501,1028,78.045502,78.174141,0,3.75,ML: Tura
92.836777,23.306585,312,Mizoram,MZ,Mizoram,346219,355951,702170,973,59.973705,61.427303,0,3.75,MZ: Mizoram
77.175583,28.683342,115,NCT OF Delhi,DL,Chandni Chowk,791318,655854,1447230,1207,65.76799,69.305511,1,5,DL: Chandni Chowk
77.292152,28.604534,118,NCT OF Delhi,DL,East Delhi,1023325,806102,1829578,1269,64.317291,66.150047,3,10,DL: East Delhi
77.18129,28.58983,119,NCT OF Delhi,DL,New Delhi,830322,659749,1490147,1259,64.09771,65.712822,1,5,DL: New Delhi
77.236855,28.722105,116,NCT OF Delhi,DL,North East Delhi,1079407,878183,1957708,1229,65.452072,68.461571,3,10,DL: North East Delhi
77.070831,28.767876,114,NCT OF Delhi,DL,North West Delhi,1212516,981633,2194343,1235,60.650162,62.496246,3,10,DL: North West Delhi
77.202087,28.48518,117,NCT OF Delhi,DL,South Delhi,1005299,747322,1752748,1345,61.850449,63.567356,3,10,DL: South Delhi
76.995346,28.587568,113,NCT OF Delhi,DL,West Delhi,1108886,930409,2039410,1192,64.855782,66.933212,3,10,DL: West Delhi
94.469971,26.061674,313,Nagaland,NL,Nagaland,600518,582454,1182972,1031,87.650009,88.041161,0,3.75,NL: Nagaland
84.681084,19.660482,329,Odisha,OD,Aska,750999,657756,1408780,1142,67.813293,59.872784,0,3.75,OD: Aska
86.988083,21.594311,317,Odisha,OD,Balasore,709342,656857,1366218,1080,78.673592,74.906883,0,3.75,OD: Balasore
83.514732,21.377348,321,Odisha,OD,Bargarh,751140,679485,1430717,1105,77.556534,79.328888,1,5,OD: Bargarh
84.351532,19.212257,334,Odisha,OD,Berhampur,680089,654171,1334268,1040,69.410904,66.236626,0,3.75,OD: Berhampur
86.626068,21.06036,314,Odisha,OD,Bhadrak,774566,694893,1469498,1115,77.996902,69.37162,1,5,OD: Bhadrak
85.570168,20.162092,328,Odisha,OD,Bhubaneswar,835850,691665,1527768,1208,58.744335,58.041275,1,5,OD: Bhubaneswar
83.346138,20.680712,323,Odisha,OD,Bolangir,814968,747976,1563025,1090,75.322472,74.319847,2,7.5,OD: Bolangir
85.472626,20.435141,327,Odisha,OD,Cuttack,731912,639680,1371617,1144,71.264381,71.421974,0,3.75,OD: Cuttack
85.378647,20.943813,322,Odisha,OD,Dhenkanal,722329,641088,1363471,1127,76.273926,76.310379,0,3.75,OD: Dhenkanal
86.227104,20.145916,330,Odisha,OD,Jagatsinghpur,797923,701680,1499673,1137,77.540047,73.62114,1,5,OD: Jagatsinghpur
86.152191,20.855932,315,Odisha,OD,Jajpur,696385,607337,1303733,1147,75.193176,75.026886,0,3.75,OD: Jajpur
82.934402,20.064604,324,Odisha,OD,Kalahandi,750694,723392,1474135,1038,74.607407,76.740723,1,5,OD: Kalahandi
84.241203,20.254242,325,Odisha,OD,Kandhamal,582340,561228,1143602,1038,74.195511,72.554695,0,3.75,OD: Kandhamal
86.488647,20.547771,326,Odisha,OD,Kendrapara,828491,726929,1555444,1140,76.821671,69.702263,1,5,OD: Kendrapara
85.795799,21.547674,318,Odisha,OD,Keonjhar,691369,655285,1346683,1055,81.252739,79.594688,0,3.75,OD: Keonjhar
83.192734,19.089138,332,Odisha,OD,Koraput,629268,671019,1300437,938,75.140198,77.079559,0,3.75,OD: Koraput
86.433365,21.982822,319,Odisha,OD,Mayurbhanj,670100,657438,1327555,1019,80.411385,77.936279,0,3.75,OD: Mayurbhanj
82.170158,18.901768,331,Odisha,OD,Nabarangpur,645875,651286,1297210,992,78.169037,79.345535,0,3.75,OD: Nabarangpur
85.433311,19.915201,333,Odisha,OD,Puri,742939,661592,1404581,1123,70.948257,76.527275,0,3.75,OD: Puri
84.515327,21.296995,316,Odisha,OD,Sambalpur,669036,627982,1297098,1065,75.929886,75.368141,0,3.75,OD: Sambalpur
84.510574,22.079777,320,Odisha,OD,Sundargarh,718689,691817,1410532,1039,71.396484,71.660065,0,3.75,OD: Sundargarh
79.756508,11.926641,348,Puducherry,PY,Puducherry,432048,469289,901357,921,82.718536,81.366882,0,3.75,PY: Puducherry
74.820175,31.739805,342,Punjab,PB,Amritsar,779164,698076,1477262,1116,67.25457,68.999847,1,5,PB: Amritsar
76.370529,31.047239,344,Punjab,PB,Anandpur Sahib,817186,747512,1564721,1093,71.215714,67.877815,2,7.5,PB: Anandpur Sahib
75.099686,30.045605,340,Punjab,PB,Bathinda,813119,712156,1525289,1142,77.164696,77.097572,1,5,PB: Bathinda
74.992424,30.627817,347,Punjab,PB,Faridkot,768206,686848,1455075,1118,70.559135,71.207069,1,5,PB: Faridkot
76.104584,30.708836,337,Punjab,PB,Fatehgarh Sahib,740390,656554,1396957,1128,73.069542,74.433067,0,3.75,PB: Fatehgarh Sahib
74.358772,30.479425,338,Punjab,PB,Firozpur,808857,713236,1522111,1134,72.145683,72.992386,1,5,PB: Firozpur
75.386696,32.064404,341,Punjab,PB,Gurdaspur,784477,715839,1500337,1096,71.187233,67.913147,1,5,PB: Gurdaspur
75.728142,31.638849,336,Punjab,PB,Hoshiarpur,762065,723207,1485286,1054,67.410301,62.07922,1,5,PB: Hoshiarpur
75.566704,31.21277,335,Punjab,PB,Jalandhar,808530,742954,1551497,1088,68.435463,65.8312,1,5,PB: Jalandhar
74.988754,31.315578,343,Punjab,PB,Khadoor Sahib,817134,746233,1563409,1095,67.720406,65.468086,2,7.5,PB: Khadoor Sahib
75.641479,30.833921,346,Punjab,PB,Ludhiana,835632,725551,1561201,1152,68.910934,72.006454,2,7.5,PB: Ludhiana
76.308876,30.310688,339,Punjab,PB,Patiala,834231,746037,1580273,1118,70.675316,71.156433,2,7.5,PB: Patiala
75.708397,30.21427,345,Punjab,PB,Sangrur,758197,666535,1424743,1138,77.442444,76.966148,1,5,PB: Sangrur
74.931084,26.340565,359,Rajasthan,RJ,Ajmer,869322,813938,1683261,1068,66.391296,70.536232,2,7.5,RJ: Ajmer
76.607841,27.937395,352,Rajasthan,RJ,Alwar,870044,756398,1626442,1150,62.645061,67.332573,2,7.5,RJ: Alwar
77.074936,27.317186,357,Rajasthan,RJ,Bharatpur,910990,779714,1690705,1168,52.978527,60.049618,2,7.5,RJ: Bharatpur
74.184593,23.564957,371,Rajasthan,RJ,Banswara,866441,831800,1698244,1042,71.023323,66.737381,3,10,RJ: Banswara
71.035995,26.399237,358,Rajasthan,RJ,Barmer,896867,783282,1680152,1145,71.751045,72.91951,2,7.5,RJ: Barmer
74.869705,25.497847,364,Rajasthan,RJ,Bhilwara,904045,850856,1754901,1063,61.306259,64.215057,3,10,RJ: Bhilwara
73.185112,28.228731,350,Rajasthan,RJ,Bikaner,847726,744629,1592355,1138,54.024353,62.092468,2,7.5,RJ: Bikaner
74.52021,24.577301,369,Rajasthan,RJ,Chittorgarh,929217,890287,1819506,1044,60.571365,67.865417,3,10,RJ: Chittorgarh
74.737114,28.556276,349,Rajasthan,RJ,Churu,928059,825765,1753825,1124,64.095718,64.46756,3,10,RJ: Churu
76.3274,26.884621,368,Rajasthan,RJ,Dausa,814648,709447,1524100,1148,57.768799,63.698311,1,5,RJ: Dausa
73.910225,29.502329,367,Rajasthan,RJ,Ganganagar,909749,808665,1718414,1125,70.887329,74.549355,3,10,RJ: Ganganagar
76.489487,24.677259,361,Rajasthan,RJ,Jhalawar-Baran,868979,800865,1669844,1085,63.759186,73.145264,2,7.5,RJ: Jhalawar-Baran
75.738571,26.823692,370,Rajasthan,RJ,Jaipur,1047469,910349,1957820,1151,63.523769,68.245552,3,10,RJ: Jaipur
75.867996,27.254362,373,Rajasthan,RJ,Jaipur Rural,906858,793449,1700307,1143,57.04475,61.363079,3,10,RJ: Jaipur Rural
72.394928,24.987535,363,Rajasthan,RJ,Jalore,964046,860922,1824968,1120,58.817638,60.292454,3,10,RJ: Jalore
75.455299,28.079002,351,Rajasthan,RJ,Jhunjhunu,894068,803402,1697470,1113,59.711948,58.363792,3,10,RJ: Jhunjhunu
72.259468,26.972548,353,Rajasthan,RJ,Jodhpur,910621,817170,1727791,1114,58.159012,65.474548,3,10,RJ: Jodhpur
77.248024,26.585066,360,Rajasthan,RJ,Karauli-Dholpur,845548,703920,1549468,1201,50.285969,58.092739,1,5,RJ: Karauli-Dholpur
76.015938,25.236553,365,Rajasthan,RJ,Kota,913387,831152,1744539,1099,62.3395,69.210091,3,10,RJ: Kota
74.19783,27.166082,355,Rajasthan,RJ,Nagaur,886728,791932,1678660,1120,59.337543,59.934052,2,7.5,RJ: Nagaur
73.35894,25.981628,366,Rajasthan,RJ,Pali,998413,903678,1902094,1105,56.692097,57.959381,3,10,RJ: Pali
74.029434,25.950495,362,Rajasthan,RJ,Rajsamand,880398,820791,1701194,1073,57.393173,57.522278,3,10,RJ: Rajsamand
75.367752,27.547125,354,Rajasthan,RJ,Sikar,943691,826191,1769882,1142,61.440758,58.595451,3,10,RJ: Sikar
75.997246,26.168852,356,Rajasthan,RJ,Tonk-Sawai Madhopur,910730,800045,1710775,1138,57.418644,64.094955,3,10,RJ: Tonk-Sawai Madhopur
73.718689,24.297586,372,Rajasthan,RJ,Udaipur,930007,887933,1817940,1047,66.430573,64.441132,3,10,RJ: Udaipur
88.477348,27.571156,374,Sikkim,SK,Sikkim,191017,179753,370770,1063,81.332161,80.291283,0,3.75,SK: Sikkim
79.427979,13.002702,383,Tamil Nadu,TN,Arakkonam,693100,708671,1401813,978,76.744072,78.368057,0,3.75,TN: Arakkonam
79.433517,12.469994,386,Tamil Nadu,TN,Arani,683921,685715,1369668,997,79.665604,79.866241,0,3.75,TN: Arani
80.270866,13.143373,394,Tamil Nadu,TN,Chennai North,707700,714428,1422392,991,62.365135,65.561821,0,3.75,TN: Chennai North
80.222801,12.954308,384,Tamil Nadu,TN,Chennai South,901211,894252,1795776,1008,58.980354,61.739483,3,10,TN: Chennai South
80.247116,13.07283,395,Tamil Nadu,TN,Chennai Central,665282,662504,1328038,1004,59.193756,63.417168,0,3.75,TN: Chennai Central
79.311722,11.257182,393,Tamil Nadu,TN,Chidambaram,686862,679307,1366190,1011,81.862396,77.212891,0,3.75,TN: Chidambaram
77.157768,11.015341,379,Tamil Nadu,TN,Coimbatore,869033,851127,1720221,1021,66.483734,70.013908,3,10,TN: Coimbatore
79.384407,11.599905,400,Tamil Nadu,TN,Cuddalore,625652,622218,1247908,1006,79.875862,77.551262,0,3.75,TN: Cuddalore
78.14946,12.064039,409,Tamil Nadu,TN,Dharmapuri,696496,661700,1358273,1053,80.659515,81.501831,0,3.75,TN: Dharmapuri
77.769539,10.349936,382,Tamil Nadu,TN,Dindigul,696160,704264,1400531,988,77.244186,77.295738,0,3.75,TN: Dindigul
77.630463,10.986548,375,Tamil Nadu,TN,Erode,656661,664670,1321399,988,74.601234,77.751534,0,3.75,TN: Erode
78.717453,11.72418,391,Tamil Nadu,TN,Kallakurichi,707219,705147,1412499,1003,79.760529,76.528061,0,3.75,TN: Kallakurichi
79.922241,12.616855,390,Tamil Nadu,TN,Kancheepuram,736993,742956,1480123,992,74.580322,77.742531,1,5,TN: Kancheepuram
77.361427,8.306941,378,Tamil Nadu,TN,Kanniyakumari,743378,724348,1467796,1026,69.204857,65.75766,1,5,TN: Kanniyakumari
78.219322,10.676721,408,Tamil Nadu,TN,Karur,641693,656598,1298322,977,81.226868,79.555801,0,3.75,TN: Karur
78.032562,12.489073,385,Tamil Nadu,TN,Krishnagiri,705468,674363,1379957,1046,77.525604,77.437248,0,3.75,TN: Krishnagiri
78.283958,10.03639,410,Tamil Nadu,TN,Madurai,717175,724206,1441434,990,67.732803,67.401817,1,5,TN: Madurai
79.557571,11.060841,380,Tamil Nadu,TN,Mayiladuthurai,679940,670377,1350318,1014,77.694344,73.992409,0,3.75,TN: Mayiladuthurai
79.649696,10.645762,397,Tamil Nadu,TN,Nagapattinam,606339,604280,1210626,1003,80.56778,74.694023,0,3.75,TN: Nagapattinam
78.120941,11.342834,404,Tamil Nadu,TN,Namakkal,661113,668368,1329552,989,78.764397,80.502426,0,3.75,TN: Namakkal
76.915077,11.465066,392,Tamil Nadu,TN,Nilgiris,629707,639433,1269173,985,71.745438,74.996147,0,3.75,TN: Nilgiris
78.631561,11.080791,381,Tamil Nadu,TN,Perambalur,634391,651159,1285576,974,81.233154,78.60247,0,3.75,TN: Perambalur
77.05378,10.616227,407,Tamil Nadu,TN,Pollachi,686943,694524,1381505,989,71.542526,74.742012,0,3.75,TN: Pollachi
78.639954,9.5562859,403,Tamil Nadu,TN,Ramanathapuram,731526,724382,1455988,1010,73.741066,63.585163,1,5,TN: Ramanathapuram
78.034149,11.710418,413,Tamil Nadu,TN,Salem,759981,738253,1498350,1029,75.295189,78.066818,1,5,TN: Salem
78.658989,10.011496,401,Tamil Nadu,TN,Sivaganga,704489,707884,1412373,995,77.91658,67.387001,0,3.75,TN: Sivaganga
80.0121,12.95183,388,Tamil Nadu,TN,Sriperumbudur,982862,963377,1946503,1020,64.380821,67.750305,3,10,TN: Sriperumbudur
77.496017,9.1808376,376,Tamil Nadu,TN,Tenkasi,688958,693084,1382081,994,75.890656,71.067322,0,3.75,TN: Tenkasi
79.230629,10.581463,405,Tamil Nadu,TN,Thanjavur,662571,677465,1340050,978,78.040489,72.581505,0,3.75,TN: Thanjavur
77.582275,9.9070177,402,Tamil Nadu,TN,Theni,720709,720492,1441302,1000,75.802925,73.391617,1,5,TN: Theni
80.031761,13.249762,398,Tamil Nadu,TN,Thiruvallur,852794,849777,1702833,1004,71.748474,75.561859,3,10,TN: Thiruvallur
78.004295,8.8908653,396,Tamil Nadu,TN,Thoothukkudi,651207,659197,1310406,988,70.754875,68.85614,0,3.75,TN: Thoothukkudi
78.848236,10.609274,406,Tamil Nadu,TN,Tiruchirappalli,689228,697829,1387140,988,70.920525,71.197197,0,3.75,TN: Tiruchirappalli
77.605644,8.5573826,377,Tamil Nadu,TN,Tirunelveli,705592,714823,1420435,987,68.871597,66.426628,0,3.75,TN: Tirunelveli
77.50631,11.50219,412,Tamil Nadu,TN,Tiruppur,697730,677801,1375589,1029,74.560524,77.847878,0,3.75,TN: Tiruppur
78.880653,12.349769,387,Tamil Nadu,TN,Tiruvannamalai,675321,677622,1352966,997,79.219536,78.076202,0,3.75,TN: Tiruvannamalai
78.834297,12.822353,389,Tamil Nadu,TN,Vellore,652066,660173,1312259,988,74.27462,74.12455,0,3.75,TN: Vellore
79.513687,11.978337,399,Tamil Nadu,TN,Viluppuram,694932,691942,1387007,1004,76.420853,77.037613,0,3.75,TN: Viluppuram
77.908119,9.5520887,411,Tamil Nadu,TN,Virudhunagar,669589,680818,1350495,984,75.332909,74.105606,0,3.75,TN: Virudhunagar
91.887802,23.806429,414,Tripura,TR,Tripura East,581604,558672,1140276,1041,82.215149,83.58419,0,3.75,TR: Tripura East
91.419067,23.60775,415,Tripura,TR,Tripura West,635974,612572,1248546,1038,85.380981,85.424561,0,3.75,TR: Tripura West
78.24704,27.37204,497,Uttar Pradesh,UP,Agra,1003777,810896,1814739,1238,55.24802,61.915844,3,10,UP: Agra
80.195877,26.301033,462,Uttar Pradesh,UP,Akbarpur,977669,790872,1768635,1236,52.020302,57.234707,3,10,UP: Akbarpur
78.049622,28.001917,441,Uttar Pradesh,UP,Aligarh,965995,827010,1793126,1168,56.554939,61.789139,3,10,UP: Aligarh
81.945656,25.137699,473,Uttar Pradesh,UP,Allahabad,917403,749001,1666569,1225,51.278301,55.237991,2,7.5,UP: Allahabad
82.521217,26.457308,487,Uttar Pradesh,UP,Ambedkar Nagar,923552,795143,1718774,1161,62.021423,58.5993,3,10,UP: Ambedkar Nagar
81.633698,26.277506,461,Uttar Pradesh,UP,Amethi,890648,779148,1669843,1143,53.050385,51.818901,2,7.5,UP: Amethi
78.267754,28.806036,426,Uttar Pradesh,UP,Amroha,829444,714712,1544245,1161,70.79467,71.102211,1,5,UP: Amroha
79.325333,28.107628,437,Uttar Pradesh,UP,Aonla,917053,736487,1653577,1245,57.364624,62.396938,2,7.5,UP: Aonla
83.232155,26.058123,459,Uttar Pradesh,UP,Azamgarh,941447,761573,1703121,1236,59.794662,53.574444,3,10,UP: Azamgarh
78.803673,28.200556,438,Uttar Pradesh,UP,Badaun,978040,791044,1769145,1236,54.582424,60.846794,3,10,UP: Badaun
77.414108,29.01519,425,Uttar Pradesh,UP,Baghpat,850681,654413,1505175,1300,64.35997,68.466438,1,5,UP: Baghpat
81.436508,27.832838,440,Uttar Pradesh,UP,Bahraich,882643,755897,1638640,1168,54.445248,59.200493,2,7.5,UP: Bahraich
84.048668,25.734211,481,Uttar Pradesh,UP,Ballia,973384,794830,1768271,1225,53.270008,53.193089,3,10,UP: Ballia
80.870049,25.293028,488,Uttar Pradesh,UP,Banda,884779,717011,1601855,1234,53.597645,53.565128,2,7.5,UP: Banda
83.553062,26.43931,460,Uttar Pradesh,UP,Bansgaon,980235,779762,1760090,1257,53.533897,46.898346,3,10,UP: Bansgaon
81.27655,26.958258,456,Uttar Pradesh,UP,Barabanki,925944,795265,1721278,1164,57.467007,66.00248,3,10,UP: Barabanki
79.447487,28.522087,436,Uttar Pradesh,UP,Bareilly,911264,752773,1664081,1211,58.702824,63.080074,2,7.5,UP: Bareilly
82.640617,26.826399,495,Uttar Pradesh,UP,Basti,962508,824831,1787476,1167,60.474087,57.111629,3,10,UP: Basti
82.340363,25.392267,486,Uttar Pradesh,UP,Bhadohi,1016000,818442,1834598,1241,55.516212,51.908466,3,10,UP: Bhadohi
78.04303,29.30393,499,Uttar Pradesh,UP,Bijnor,848418,713587,1562081,1189,67.571861,67.888237,2,7.5,UP: Bijnor
78.091934,28.381691,434,Uttar Pradesh,UP,Bulandshahr,930827,805499,1736436,1156,57.041286,59.045666,3,10,UP: Bulandshahr
83.207413,25.369139,472,Uttar Pradesh,UP,Chandauli,887892,705123,1593133,1259,61.546425,61.482029,2,7.5,UP: Chandauli
83.982323,26.624756,465,Uttar Pradesh,UP,Deoria,997314,809319,1806926,1232,57.129143,50.945137,3,10,UP: Deoria
80.643402,27.816822,442,Uttar Pradesh,UP,Dhaurahra,846798,711151,1558041,1191,63.948303,71.455528,2,7.5,UP: Dhaurahra
82.87439,27.275167,448,Uttar Pradesh,UP,Domariyaganj,961957,799313,1761415,1203,55.665051,50.947079,3,10,UP: Domariyaganj
78.788033,27.694256,443,Uttar Pradesh,UP,Etah,856985,720450,1577457,1190,56.330212,60.699547,2,7.5,UP: Etah
79.35527,26.582813,468,Uttar Pradesh,UP,Etawah,938271,768913,1707237,1220,53.105358,56.438599,3,10,UP: Etawah
81.831795,26.732262,467,Uttar Pradesh,UP,Faizabad,936036,802604,1738701,1166,57.870754,59.621212,3,10,UP: Faizabad
79.377556,27.443762,445,Uttar Pradesh,UP,Farrukhabad,891793,721921,1613781,1235,56.78336,62.86414,2,7.5,UP: Farrukhabad
80.806992,25.873335,476,Uttar Pradesh,UP,Fatehpur,985898,818821,1804753,1204,58.780369,58.284832,3,10,UP: Fatehpur
78.07415,26.99465,458,Uttar Pradesh,UP,Fatehpur Sikri,877271,703267,1580582,1247,57.110172,64.46286,2,7.5,UP: Fatehpur Sikri
78.533318,27.181259,450,Uttar Pradesh,UP,Firozabad,902532,734206,1636738,1229,62.86274,71.246895,2,7.5,UP: Firozabad
77.662315,28.355934,498,Uttar Pradesh,UP,Gautam Buddha Nagar,1105732,880377,1986109,1256,55.81041,63.944248,3,10,UP: Gautam Buddha Nagar
77.505547,28.709057,432,Uttar Pradesh,UP,Ghaziabad,1333055,1024455,2357553,1301,54.649155,58.659393,3,10,UP: Ghaziabad
83.472435,25.595512,483,Uttar Pradesh,UP,Ghazipur,983352,818105,1801519,1202,55.894047,53.794167,3,10,UP: Ghazipur
83.640236,26.006691,471,Uttar Pradesh,UP,Ghosi,1040033,850934,1891112,1222,57.834213,52.631023,3,10,UP: Ghosi
82.23246,27.125063,454,Uttar Pradesh,UP,Gonda,935167,775608,1710825,1206,49.630482,52.127911,3,10,UP: Gonda
83.324791,26.828362,494,Uttar Pradesh,UP,Gorakhpur,1055209,848621,1903988,1243,53.853016,55.241093,3,10,UP: Gorakhpur
79.912254,25.588947,479,Uttar Pradesh,UP,Hamirpur,949328,788636,1737993,1204,54.204983,57.947411,3,10,UP: Hamirpur
80.046471,27.451101,446,Uttar Pradesh,UP,Hardoi,939831,774501,1714388,1213,52.595024,60.172096,3,10,UP: Hardoi
78.146004,27.681257,447,Uttar Pradesh,UP,Hathras,969908,788925,1758927,1229,57.340431,61.538311,3,10,UP: Hathras
79.376648,26.007498,430,Uttar Pradesh,UP,Jalaun,1037570,849595,1887189,1221,56.030579,60.98885,3,10,UP: Jalaun
82.492744,25.850483,477,Uttar Pradesh,UP,Jaunpur,1002938,845831,1848842,1186,56.651623,52.559582,3,10,UP: Jaunpur
78.679207,24.945354,482,Uttar Pradesh,UP,Jhansi,1034112,897888,1932052,1152,65.287987,71.000816,3,10,UP: Jhansi
77.321747,29.677132,422,Uttar Pradesh,UP,Kairana,840629,691073,1531767,1216,72.391487,73.506981,1,5,UP: Kairana
81.763252,27.169792,453,Uttar Pradesh,UP,Kaiserganj,928269,783633,1711967,1185,53.007721,56.775246,3,10,UP: Kaiserganj
79.693695,26.879986,491,Uttar Pradesh,UP,Kannauj,1000035,808799,1808886,1236,59.933804,62.910297,3,10,UP: Kannauj
80.32885,26.442469,489,Uttar Pradesh,UP,Kanpur,889344,721802,1611248,1232,48.372822,54.597771,2,7.5,UP: Kanpur
81.496208,25.592339,480,Uttar Pradesh,UP,Kaushambi,954848,783372,1738509,1219,53.45583,51.429127,3,10,UP: Kaushambi
80.677299,28.22879,435,Uttar Pradesh,UP,Kheri,904863,774542,1679466,1168,60.889404,66.995667,2,7.5,UP: Kheri
83.841812,26.924599,457,Uttar Pradesh,UP,Kushi Nagar,930637,750240,1680992,1240,59.220116,54.346752,2,7.5,UP: Kushi Nagar
82.92469,26.033089,429,Uttar Pradesh,UP,Lalganj,906738,754613,1661470,1202,58.57148,50.38633,2,7.5,UP: Lalganj
80.933548,26.861111,492,Uttar Pradesh,UP,Lucknow,1052171,897693,1949956,1172,50.18943,55.172874,3,10,UP: Lucknow
82.710014,25.585442,484,Uttar Pradesh,UP,Machhlishahr,1026789,865121,1891969,1187,55.945354,49.941906,3,10,UP: Machhlishahr
83.535324,27.201141,451,Uttar Pradesh,UP,Maharajganj,946234,796767,1743131,1188,64.069046,58.099476,3,10,UP: Maharajganj
79.057884,27.122322,452,Uttar Pradesh,UP,Mainpuri,900568,752461,1653058,1197,55.67757,64.357269,2,7.5,UP: Mainpuri
77.628334,27.596436,444,Uttar Pradesh,UP,Mathura,931944,750142,1682260,1242,61.038975,66.503563,2,7.5,UP: Mathura
77.796623,28.860558,428,Uttar Pradesh,UP,Meerut,971956,792318,1764388,1227,60.554096,64.998932,3,10,UP: Meerut
82.619194,24.985413,474,Uttar Pradesh,UP,Mirzapur,938504,782028,1720661,1200,57.537838,59.414986,3,10,UP: Mirzapur
80.347122,27.090208,455,Uttar Pradesh,UP,Misrikh,948316,777207,1725589,1220,54.512375,60.572216,3,10,UP: Misrikh
80.894325,26.933798,464,Uttar Pradesh,UP,Mohanlalganj,995313,842841,1838194,1181,56.593948,64.085472,3,10,UP: Mohanlalganj
78.678688,29.203663,500,Uttar Pradesh,UP,Moradabad,961935,810050,1771985,1188,61.646812,65.152222,3,10,UP: Moradabad
77.659233,29.32086,424,Uttar Pradesh,UP,Muzaffarnagar,875179,713220,1588475,1227,67.953789,70.618927,2,7.5,UP: Muzaffarnagar
78.389816,29.46665,423,Uttar Pradesh,UP,Nagina,795562,697765,1493419,1140,65.679993,60.843655,1,5,UP: Nagina
81.899414,25.559696,485,Uttar Pradesh,UP,Phulpur,1063897,849194,1913275,1253,49.241047,50.875603,3,10,UP: Phulpur
79.915344,28.573158,433,Uttar Pradesh,UP,Pilibhit,903414,767687,1671154,1177,60.47113,64.875572,2,7.5,UP: Pilibhit
81.954285,25.920546,478,Uttar Pradesh,UP,Pratapgarh,923411,792852,1716394,1165,55.219387,49.262028,3,10,UP: Pratapgarh
81.137978,26.225473,463,Uttar Pradesh,UP,Rae Bareli,857875,737017,1594954,1164,52.558895,51.028645,2,7.5,UP: Rae Bareli
79.105476,28.795481,431,Uttar Pradesh,UP,Rampur,872075,744534,1616972,1171,57.773857,60.562336,2,7.5,UP: Rampur
83.083405,24.495163,475,Uttar Pradesh,UP,Robertsganj,901147,737885,1639074,1221,52.520649,55.272335,2,7.5,UP: Robertsganj
77.651924,29.993261,421,Uttar Pradesh,UP,Saharanpur,873318,735452,1608833,1187,73.489365,74.725929,2,7.5,UP: Saharanpur
84.027626,26.09012,470,Uttar Pradesh,UP,Salempur,904632,756980,1661737,1195,53.405506,49.764656,2,7.5,UP: Salempur
78.677353,28.614992,427,Uttar Pradesh,UP,Sambhal,931603,761516,1693229,1223,59.922443,64.350479,2,7.5,UP: Sambhal
83.053795,26.676167,466,Uttar Pradesh,UP,Sant Kabir Nagar,1045424,858808,1904315,1217,57.162487,49.855465,3,10,UP: Sant Kabir Nagar
79.844933,27.975739,439,Uttar Pradesh,UP,Shahjahanpur,1100020,879139,1979294,1251,52.859333,60.306175,3,10,UP: Shahjahanpur
82.178528,27.614986,496,Uttar Pradesh,UP,Shrawasti,976415,811613,1788080,1203,51.822483,57.286194,3,10,UP: Shrawasti
81.047462,27.513784,449,Uttar Pradesh,UP,Sitapur,838148,712053,1550263,1177,62.442684,69.404091,1,5,UP: Sitapur
82.210625,26.252638,469,Uttar Pradesh,UP,Sultanpur,910134,793521,1703698,1147,58.681244,54.88895,3,10,UP: Sultanpur
80.564621,26.608021,490,Uttar Pradesh,UP,Unnao,1194394,969919,2164392,1231,54.258759,56.402325,3,10,UP: Unnao
82.869148,25.293262,493,Uttar Pradesh,UP,Varanasi,985395,781000,1766487,1262,55.919975,60.186119,3,10,UP: Varanasi
80.054619,29.899473,416,Uttarakhand,UK,Almora,639362,614162,1253541,1041,55.26376,49.438972,0,3.75,UK: Almora
79.172012,30.237717,419,Uttarakhand,UK,Garhwal,651868,615350,1267218,1059,58.023403,49.236195,0,3.75,UK: Garhwal
78.037186,29.948215,417,Uttarakhand,UK,Hardwar,888328,754505,1642873,1177,71.022858,71.76178,2,7.5,UK: Hardwar
79.526596,29.171041,420,Uttarakhand,UK,Nainital-Udhamsingh Nagar,857782,753029,1610811,1139,67.714523,68.716179,2,7.5,UK: Nainital-Udhamsingh Nagar
78.471245,30.811068,418,Uttarakhand,UK,Tehri Garhwal,711671,640943,1352614,1110,57.856472,56.21151,0,3.75,UK: Tehri Garhwal
89.386162,26.6492,531,West Bengal,WB,Alipurduars,755765,715138,1470911,1057,84.325127,81.955635,1,5,WB: Alipurduars
87.807373,22.808868,502,West Bengal,WB,Arambagh,833629,766658,1600293,1087,85.321877,84.840736,2,7.5,WB: Arambagh
87.076256,23.705515,514,West Bengal,WB,Asansol,791896,677774,1469684,1168,75.132713,79.970856,1,5,WB: Asansol
88.176231,23.925043,538,West Bengal,WB,Baharampur,752943,700833,1453783,1074,81.312813,77.589272,1,5,WB: Baharampur
88.522263,25.374611,518,West Bengal,WB,Balurghat,653841,600646,1254497,1089,85.412537,83.820534,0,3.75,WB: Balurghat
88.751808,22.99695,529,West Bengal,WB,Bangaon,796650,744053,1540713,1071,84.337677,81.96962,1,5,WB: Bangaon
86.91658,23.178368,513,West Bengal,WB,Bankura,775893,727919,1503812,1066,81.101471,83.065704,1,5,WB: Bankura
88.581024,22.730846,503,West Bengal,WB,Barasat,774305,738463,1512792,1049,80.757332,86.446426,1,5,WB: Barasat
88.113182,23.241674,512,West Bengal,WB,Bardhaman Purba,795545,736693,1532244,1080,86.537537,85.807213,1,5,WB: Bardhaman Purba
88.464714,22.836985,533,West Bengal,WB,Barrackpore,682366,604844,1287222,1128,79.596725,83.135147,0,3.75,WB: Barrackpore
88.769951,22.607349,528,West Bengal,WB,Basirhat,777768,712812,1490596,1091,83.591324,87.049995,1,5,WB: Basirhat
87.621613,24.058535,508,West Bengal,WB,Birbhum,773438,721641,1495089,1072,83.847229,86.608109,1,5,WB: Birbhum
87.410881,23.174194,516,West Bengal,WB,Bishnupur,759317,707604,1466921,1073,85.317215,87.845131,1,5,WB: Bishnupur
87.79007,23.680208,509,West Bengal,WB,Bolpur,798378,740033,1538421,1079,83.97274,85.427704,1,5,WB: Bolpur
87.787979,23.39101,510,West Bengal,WB,Burdwan - Durgapur,821377,762111,1583495,1078,82.633766,85.225784,2,7.5,WB: Burdwan - Durgapur
89.374557,26.271124,530,West Bengal,WB,Cooch Behar,848641,764757,1613403,1110,83.94928,80.96769,2,7.5,WB: Cooch Behar
88.392281,26.853867,501,West Bengal,WB,Darjeeling,737062,700062,1437154,1053,79.118279,79.642693,1,5,WB: Darjeeling
88.220551,22.349854,526,West Bengal,WB,Diamond Harbour,816259,739631,1555914,1104,78.067574,83.654823,2,7.5,WB: Diamond Harbour
88.409912,22.670879,542,West Bengal,WB,Dum Dum,715569,690401,1405981,1036,78.112572,82.467796,0,3.75,WB: Dum Dum
87.597298,22.434139,541,West Bengal,WB,Ghatal,835803,774672,1610489,1079,87.142174,82.668404,2,7.5,WB: Ghatal
88.275749,22.989513,536,West Bengal,WB,Hooghly,836584,793445,1630042,1054,82.039841,83.268867,2,7.5,WB: Hooghly
88.198959,22.568159,534,West Bengal,WB,Howrah,802653,702441,1505099,1143,71.639328,77.469093,1,5,WB: Howrah
88.496437,22.398472,535,West Bengal,WB,Jadavpur,811441,784269,1595746,1035,77.162941,82.178375,2,7.5,WB: Jadavpur
88.759178,26.596338,532,West Bengal,WB,Jalpaiguri,795704,735760,1531469,1081,84.979073,84.954834,1,5,WB: Jalpaiguri
88.085899,24.297934,517,West Bengal,WB,Jangipur,714890,676753,1391656,1056,82.610344,78.234413,0,3.75,WB: Jangipur
86.950615,22.575155,521,West Bengal,WB,Jhargram,753841,721269,1475112,1045,84.632362,85.682388,1,5,WB: Jhargram
88.652115,22.335173,525,West Bengal,WB,Joynagar,757902,700787,1458724,1082,79.270309,83.523857,1,5,WB: Joynagar
87.723404,21.903055,527,West Bengal,WB,Kanthi,777345,713061,1490409,1090,87.837929,85.405708,1,5,WB: Kanthi
88.347687,22.497843,522,West Bengal,WB,Kolkata Dakshin,890251,795037,1685296,1120,67.922249,70.386665,2,7.5,WB: Kolkata Dakshin
88.377945,22.580168,520,West Bengal,WB,Kolkata Uttar,797437,636542,1433985,1253,65.977425,67.065613,1,5,WB: Kolkata Uttar
88.453384,23.66131,507,West Bengal,WB,Krishnanagar,769981,706791,1476783,1089,86.008736,82.953606,1,5,WB: Krishnanagar
87.97554,24.901731,539,West Bengal,WB,Maldaha Dakshin,692386,654741,1347143,1057,83.13089,78.726028,0,3.75,WB: Maldaha Dakshin
88.130707,25.205889,519,West Bengal,WB,Maldaha Uttar,740749,684660,1425428,1082,85.092018,78.104866,1,5,WB: Maldaha Uttar
88.326935,22.015453,524,West Bengal,WB,Mathurapur,772277,716496,1488785,1078,84.814293,85.723778,1,5,WB: Mathurapur
87.350426,22.143925,504,West Bengal,WB,Medinipur,770363,729306,1499673,1056,84.097214,84.045052,1,5,WB: Medinipur
88.5047,24.144424,506,West Bengal,WB,Murshidabad,782480,729615,1512098,1072,87.038918,83.468201,1,5,WB: Murshidabad
86.358475,23.312092,511,West Bengal,WB,Purulia,764758,707169,1471933,1081,81.175362,82.020851,1,5,WB: Purulia
88.119644,25.867285,540,West Bengal,WB,Raiganj,724014,663479,1387526,1091,81.844337,77.839104,0,3.75,WB: Raiganj
88.574814,23.281351,515,West Bengal,WB,Ranaghat,831318,771515,1602849,1078,85.293091,83.137978,2,7.5,WB: Ranaghat
88.185043,22.689034,537,West Bengal,WB,Srerampur,847931,776093,1624038,1093,78.390862,80.313019,2,7.5,WB: Srerampur
87.92672,22.193621,505,West Bengal,WB,Tamluk,796779,730482,1527273,1091,89.105141,85.865715,1,5,WB: Tamluk
88.005295,22.471292,523,West Bengal,WB,Uluberia,761951,686678,1448632,1110,81.163803,82.563187,1,5,WB: Uluberia
